battery_id,cycle_number,start_time_iso,ambient_temperature,duration_s,v_start,v_end,v_min,v_max,v_mean,v_drop,i_mean,i_min,i_max,t_start,t_end,t_min,t_max,t_mean,temp_rise,temp_rise_rate,energy_wh,re_electrolyte_ohms,rct_charge_transfer_ohms,capacity_ah,nominal_capacity_ah,soh_pct,soh_first_cycle_pct,eol_cycle_80,rul_80,eol_cycle_70,rul_70
B0006,1,2008-04-02T15:25:41,24.0,3690.23,4.1798,2.4758,2.4758,4.1798,3.5569,1.704,-1.9905,-2.0155,0.0004,24.28,39.16,24.28,39.16,32.14,14.89,0.004034,7.2595,,,2.03534,2.0,101.767,100.0,63,62,109,108
B0006,2,2008-04-02T19:43:48,24.0,3672.34,4.1773,2.3515,2.3515,4.1773,3.5615,1.8258,-1.9903,-2.0149,-0.0002,24.65,39.25,24.64,39.25,32.29,14.6,0.003975,7.2335,,,2.02514,2.0,101.257,99.499,63,61,109,107
B0006,3,2008-04-03T00:01:06,24.0,3651.64,4.1778,2.4405,2.4405,4.1781,3.5668,1.7373,-1.9899,-2.0144,-0.0007,24.7,39.0,24.7,39.0,32.24,14.3,0.003915,7.2024,,,2.01333,2.0,100.666,98.919,63,60,109,106
B0006,4,2008-04-03T04:16:37,24.0,3631.56,4.1784,2.4792,2.4792,4.1786,3.5688,1.6992,-1.9896,-2.0142,0.0002,24.65,38.84,24.65,38.84,32.15,14.19,0.003908,7.1659,,,2.01328,2.0,100.664,98.916,63,59,109,105
B0006,5,2008-04-03T08:33:25,24.0,3629.17,4.178,2.2802,2.2802,4.1782,3.564,1.8978,-1.9895,-2.014,-0.0011,24.63,38.98,24.63,38.98,32.07,14.34,0.003952,7.1518,,,2.00053,2.0,100.026,98.29,63,58,109,104
B0006,6,2008-04-03T12:55:10,24.0,3652.28,4.1932,2.4393,2.4393,4.1932,3.5736,1.7539,-1.9901,-2.0152,-0.0015,24.34,38.84,24.34,38.84,32.03,14.5,0.003969,7.2176,,,2.0139,2.0,100.695,98.947,63,57,109,103
B0006,7,2008-04-03T17:17:16,24.0,3650.83,4.1937,2.2812,2.2812,4.1937,3.5711,1.9125,-1.9901,-2.0145,-0.0031,24.43,39.05,24.43,39.05,32.11,14.62,0.004003,7.2103,,,2.0131,2.0,100.655,98.907,63,56,109,102
B0006,8,2008-04-03T21:28:14,24.0,3572.45,4.1768,2.3664,2.3664,4.1768,3.5682,1.8104,-1.9891,-2.0147,-0.0008,24.65,38.88,24.65,38.88,32.11,14.22,0.003982,7.0475,,,1.96879,2.0,98.439,96.73,63,55,109,101
B0006,9,2008-04-04T01:38:15,24.0,3550.59,4.1762,2.436,2.436,4.1764,3.5693,1.7401,-1.9892,-2.0151,-0.001,24.56,38.73,24.56,38.73,32.04,14.16,0.003988,7.0069,,,1.96817,2.0,98.408,96.7,63,54,109,100
B0006,10,2008-04-04T05:48:08,24.0,3551.25,4.1769,2.1864,2.1864,4.1769,3.5634,1.9905,-1.9892,-2.0155,0.0001,24.53,38.99,24.52,38.99,32.0,14.46,0.004072,6.997,,,1.95723,2.0,97.862,96.162,63,53,109,99
B0006,11,2008-04-04T09:57:19,24.0,3530.25,4.1776,2.3406,2.3406,4.1776,3.5667,1.837,-1.9891,-2.0141,-0.0021,24.41,38.66,24.41,38.66,31.87,14.25,0.004036,6.962,,,1.9456,2.0,97.28,95.591,63,52,109,98
B0006,12,2008-04-04T17:56:27,24.0,3491.02,4.1779,2.4263,2.4263,4.178,3.5687,1.7516,-1.9888,-2.0135,-0.001,24.67,38.85,24.67,38.85,32.12,14.18,0.004063,6.8871,,,1.93475,2.0,96.738,95.058,63,51,109,97
B0006,13,2008-04-04T22:01:54,24.0,3470.28,4.1761,2.4754,2.4754,4.1763,3.5692,1.7008,-1.9887,-2.0149,-0.0003,24.83,38.75,24.82,38.75,32.11,13.92,0.004011,6.8474,,,1.92328,2.0,96.164,94.494,63,50,109,96
B0006,14,2008-04-05T02:20:26,24.0,3470.0,4.1778,2.3424,2.3424,4.178,3.5659,1.8354,-1.9887,-2.0144,-0.0004,24.63,38.77,24.63,38.77,31.99,14.14,0.004074,6.8407,,,1.91189,2.0,95.594,93.935,63,49,109,95
B0006,15,2008-04-05T06:25:01,24.0,3450.3,4.1771,2.1884,2.1884,4.1774,3.5612,1.9887,-1.9888,-2.0145,-0.0011,24.46,38.85,24.45,38.85,31.88,14.38,0.004169,6.7938,,,1.90107,2.0,95.053,93.403,63,48,109,94
B0006,16,2008-04-05T10:30:32,24.0,3429.41,4.1755,2.1207,2.1207,4.1756,3.5579,2.0548,-1.9886,-2.0147,-0.0038,24.27,38.87,24.27,38.87,31.77,14.6,0.004256,6.7457,,,1.8892,2.0,94.46,92.82,63,47,109,93
B0006,17,2008-04-05T14:34:41,24.0,3409.48,4.1774,2.37,2.37,4.1776,3.5628,1.8074,-1.9885,-2.0159,0.001,24.35,38.65,24.35,38.65,31.79,14.29,0.004192,6.7154,,,1.87828,2.0,93.914,92.283,63,46,109,92
B0006,18,2008-04-05T18:39:25,24.0,3390.42,4.1764,2.248,2.248,4.1764,3.5592,1.9284,-1.9883,-2.0143,0.0003,24.38,38.79,24.38,38.79,31.83,14.41,0.00425,6.671,,,1.86757,2.0,93.378,91.757,63,45,109,91
B0006,19,2008-04-05T22:46:35,24.0,3390.28,4.1771,2.8844,2.4115,4.1775,3.5581,1.7656,-1.9775,-2.0159,-0.0023,24.47,38.77,24.46,38.77,31.89,14.3,0.004219,6.6492,,,1.86759,2.0,93.379,91.758,63,44,109,90
B0006,20,2008-04-18T21:10:19,24.0,3591.73,4.1746,2.2034,2.2034,4.1746,3.5659,1.9712,-1.9892,-2.0202,0.001,24.51,37.54,24.51,37.54,31.51,13.03,0.003628,7.0816,0.061234,0.078542,1.97963,2.0,98.981,97.263,63,43,109,89
B0006,21,2008-04-19T02:29:09,24.0,3552.3,4.1752,2.3589,2.3589,4.1752,3.5708,1.8163,-1.989,-2.0141,-0.0003,24.91,37.9,24.91,37.9,31.87,12.99,0.003658,7.0129,0.06063,0.078024,1.95755,2.0,97.877,96.178,63,42,109,88
B0006,22,2008-04-19T07:47:15,24.0,3531.58,4.1772,2.2187,2.2187,4.1772,3.5667,1.9585,-1.9887,-2.014,-0.0012,24.57,37.67,24.57,37.67,31.54,13.1,0.003709,6.9635,0.06086,0.078402,1.94582,2.0,97.291,95.602,63,41,109,87
B0006,23,2008-04-19T13:01:42,24.0,3492.91,4.1765,2.3397,2.3397,4.1767,3.5668,1.8368,-1.9885,-2.0149,0.0005,24.23,37.34,24.22,37.34,31.22,13.12,0.003755,6.8868,0.060065,0.078071,1.92425,2.0,96.212,94.542,63,40,109,86
B0006,24,2008-04-19T18:27:29,24.0,3511.59,4.19,2.3998,2.3998,4.1904,3.5711,1.7903,-1.9886,-2.0136,-0.0024,24.04,37.29,24.03,37.29,31.12,13.25,0.003773,6.9313,0.059131,0.077956,1.94598,2.0,97.299,95.61,63,39,109,85
B0006,25,2008-04-19T23:41:55,24.0,3431.94,4.177,2.4914,2.4914,4.177,3.5666,1.6856,-1.9881,-2.0143,-0.0016,24.02,37.17,24.02,37.17,31.03,13.15,0.003832,6.7646,0.060597,0.079382,1.90141,2.0,95.07,93.42,63,38,109,84
B0006,26,2008-04-20T04:54:41,24.0,3431.12,4.1735,2.7669,2.1387,4.1735,3.5527,2.0347,-1.9773,-2.0138,-0.0013,23.9,37.52,23.9,37.52,31.0,13.61,0.003967,6.7184,0.060436,0.079494,1.87867,2.0,93.934,92.303,63,37,109,83
B0006,27,2008-04-20T10:16:28,24.0,3412.41,4.1761,2.8356,2.3461,4.1765,3.5561,1.83,-1.9772,-2.0221,-0.0003,23.82,37.24,23.82,37.24,30.92,13.42,0.003934,6.688,0.059882,0.078712,1.86831,2.0,93.415,91.793,63,36,109,82
B0006,28,2008-04-20T15:37:05,24.0,3410.69,4.1763,2.9284,2.3273,4.1763,3.5505,1.8489,-1.966,-2.0195,0.0002,23.76,37.1,23.76,37.27,30.93,13.51,0.003961,6.6401,0.060587,0.079895,1.85602,2.0,92.801,91.19,63,35,109,81
B0006,29,2008-04-20T20:50:38,24.0,3410.72,4.1729,3.0771,2.4863,4.1729,3.546,1.6865,-1.9446,-2.0146,0.0012,23.78,36.54,23.77,37.21,31.01,13.43,0.003937,6.5637,0.060908,0.079749,1.8452,2.0,92.26,90.658,63,34,109,80
B0006,30,2008-04-21T02:15:02,24.0,3392.72,4.1882,2.8196,2.2922,4.1882,3.5543,1.896,-1.9769,-2.0145,0.0018,23.77,37.5,23.76,37.5,30.97,13.73,0.004047,6.645,0.060369,0.080145,1.85723,2.0,92.861,91.249,63,33,109,79
B0006,31,2008-04-22T15:33:49,24.0,3470.67,4.1898,2.4343,2.4343,4.19,3.5559,1.7555,-1.9998,-2.0151,-0.0028,23.75,37.25,23.74,37.25,31.1,13.5,0.003891,6.8587,0.062091,0.081643,1.92478,2.0,96.239,94.568,63,32,109,78
B0006,32,2008-04-22T20:26:18,24.0,3414.11,4.1869,2.9188,2.4726,4.187,3.5537,1.7143,-1.9884,-2.0247,0.0002,24.2,37.28,24.19,37.4,31.31,13.2,0.003867,6.7173,0.06232,0.080212,1.88223,2.0,94.112,92.478,63,31,109,77
B0006,33,2008-04-23T01:18:11,24.0,3395.22,4.1864,2.974,2.4034,4.1865,3.5453,1.783,-1.9771,-2.0145,-0.0014,23.97,37.05,23.96,37.29,31.13,13.31,0.003921,6.631,0.061891,0.081208,1.85528,2.0,92.764,91.153,63,30,109,76
B0006,34,2008-04-23T06:18:19,24.0,3386.0,4.1877,3.0334,2.4007,4.1877,3.5384,1.787,-1.9657,-2.0141,0.0012,23.52,36.49,23.52,37.08,30.83,13.56,0.004005,6.5666,0.061716,0.081502,1.83925,2.0,91.963,90.366,63,29,109,75
B0006,35,2008-04-23T11:08:00,24.0,3368.19,4.1839,3.0617,2.3194,4.1842,3.5298,1.8645,-1.9542,-2.0132,0.0012,23.53,36.17,23.53,36.98,30.76,13.45,0.003993,6.4829,0.061999,0.081388,1.81854,2.0,90.927,89.348,63,28,109,74
B0006,36,2008-04-23T16:06:25,24.0,3368.27,4.1867,3.0864,2.3402,4.1868,3.5301,1.8465,-1.9491,-2.0143,0.0007,23.95,36.69,23.95,37.6,31.3,13.65,0.004053,6.468,0.062504,0.081691,1.81348,2.0,90.674,89.1,63,27,109,73
B0006,37,2008-04-23T21:02:58,24.0,3358.72,4.1864,3.1378,2.383,4.1865,3.5249,1.8034,-1.9374,-2.0149,0.001,23.72,36.31,23.72,37.34,31.06,13.61,0.004053,6.4038,0.062014,0.081316,1.7971,2.0,89.855,88.295,63,26,109,72
B0006,38,2008-04-24T01:51:33,24.0,3339.5,4.1845,3.1501,2.3519,4.1847,3.5191,1.8327,-1.9313,-2.014,0.0009,23.51,36.06,23.51,37.39,30.97,13.89,0.004158,6.3387,0.06183,0.081204,1.781,2.0,89.05,87.504,63,25,109,71
B0006,39,2008-04-24T06:50:00,24.0,3331.26,4.186,3.1739,2.3535,4.1861,3.5152,1.8325,-1.9254,-2.0136,0.0004,23.26,36.02,23.24,37.35,30.83,14.09,0.00423,6.2976,0.062827,0.083472,1.77101,2.0,88.551,87.013,63,24,109,70
B0006,40,2008-04-24T11:49:24,24.0,3321.19,4.186,3.1972,2.3948,4.1864,3.514,1.7912,-1.9198,-2.0146,0.0009,23.41,35.91,23.41,37.59,31.08,14.17,0.004268,6.2587,0.063498,0.083855,1.76047,2.0,88.024,86.495,63,23,109,69
B0006,41,2008-04-24T16:45:56,24.0,3321.84,4.1857,3.2276,2.4419,4.1857,3.5141,1.7438,-1.9087,-2.0156,0.0015,23.99,36.36,23.99,38.21,31.69,14.21,0.004279,6.2252,0.060945,0.082016,1.75029,2.0,87.515,85.995,63,22,109,68
B0006,42,2008-04-24T21:38:11,24.0,3311.83,4.185,3.2309,2.3918,4.185,3.5096,1.7931,-1.9028,-2.0141,-0.001,24.23,36.5,24.22,38.34,31.88,14.11,0.004262,6.1814,0.063918,0.082166,1.73949,2.0,86.975,85.465,63,21,109,67
B0006,43,2008-04-25T12:03:44,24.0,3327.39,4.1755,3.1996,2.3166,4.1756,3.5111,1.8589,-1.9093,-2.0139,0.0006,23.93,36.99,23.93,38.52,31.54,14.59,0.004385,6.229,0.062237,0.082275,1.75468,2.0,87.734,86.211,63,20,109,66
B0006,44,2008-04-25T20:03:55,24.0,3312.08,4.1916,3.1898,2.4111,4.1917,3.5159,1.7805,-1.9306,-2.0165,0.0006,23.8,36.81,23.8,38.04,31.42,14.24,0.004298,6.2772,0.062237,0.082275,1.76594,2.0,88.297,86.764,63,19,109,65
B0006,45,2008-04-26T01:04:35,24.0,3293.17,4.1854,3.25,2.451,4.1855,3.5059,1.7344,-1.9071,-2.0144,0.0007,23.33,35.95,23.33,37.93,31.16,14.61,0.004436,6.1502,0.062031,0.083192,1.73379,2.0,86.689,85.184,63,18,109,64
B0006,46,2008-04-26T05:57:35,24.0,3275.33,4.1839,3.2762,2.4712,4.1842,3.501,1.7127,-1.8954,-2.0137,0.0006,23.23,35.81,23.23,37.88,31.16,14.66,0.004475,6.0712,0.062506,0.084268,1.71333,2.0,85.666,84.179,63,17,109,63
B0006,47,2008-04-26T10:58:25,24.0,3265.02,4.1855,3.2892,2.471,4.1858,3.4974,1.7145,-1.8893,-2.0152,0.0013,23.21,35.73,23.2,38.07,31.21,14.86,0.00455,6.0272,0.062615,0.083972,1.70241,2.0,85.12,83.643,63,16,109,62
B0006,48,2008-04-29T12:15:56,24.0,3328.94,4.1729,2.935,2.4288,4.1729,3.5389,1.7441,-1.9819,-2.0148,0.0009,26.6,39.57,26.6,39.79,33.61,13.19,0.003961,6.5041,0.062615,0.083972,1.82372,2.0,91.186,89.603,63,15,109,61
B0006,49,2008-04-29T17:05:27,24.0,3329.27,4.1869,3.0134,2.3551,4.187,3.5327,1.8317,-1.9653,-2.0141,0.0014,25.61,38.78,25.59,39.21,32.86,13.6,0.004085,6.4468,0.064572,0.080342,1.80813,2.0,90.406,88.837,63,14,109,60
B0006,50,2008-04-29T22:00:04,24.0,3301.58,4.1865,3.0982,2.3659,4.1865,3.5212,1.8206,-1.9471,-2.0135,0.0013,24.79,37.86,24.79,38.67,32.21,13.88,0.004204,6.3179,0.063686,0.082364,1.77576,2.0,88.788,87.247,63,13,109,59
B0006,51,2008-04-30T02:43:55,24.0,3283.56,4.1822,3.1673,2.3482,4.1823,3.5093,1.834,-1.9242,-2.0144,0.0012,24.3,37.12,24.3,38.52,31.97,14.22,0.00433,6.1943,0.062912,0.082141,1.74474,2.0,87.237,85.722,63,12,109,58
B0006,52,2008-04-30T07:41:42,24.0,3275.12,4.1857,3.2287,2.4695,4.186,3.5072,1.7163,-1.9124,-2.014,0.0023,23.99,36.58,23.98,38.29,31.74,14.3,0.004367,6.1356,0.063667,0.08297,1.72921,2.0,86.46,84.959,63,11,109,57
B0006,53,2008-04-30T12:28:49,24.0,3265.66,4.1836,3.2596,2.4667,4.1837,3.5009,1.7169,-1.895,-2.0144,0.0008,24.0,36.44,24.0,38.52,31.88,14.53,0.004448,6.0542,0.064546,0.083906,1.70811,2.0,85.405,83.923,63,10,109,56
B0006,54,2008-04-30T17:20:16,24.0,3266.09,4.1843,3.2774,2.4483,4.1844,3.4973,1.736,-1.8837,-2.0147,0.0,24.3,36.53,24.3,38.95,32.24,14.66,0.004488,6.0133,0.064417,0.083321,1.6976,2.0,84.88,83.406,63,9,109,55
B0006,55,2008-04-30T22:14:54,24.0,3257.59,4.1847,3.3095,2.4745,4.1847,3.4929,1.7102,-1.8717,-2.0151,0.0029,24.11,36.06,24.11,38.73,32.07,14.63,0.00449,5.9512,0.065174,0.084782,1.68206,2.0,84.103,82.643,63,8,109,54
B0006,56,2008-05-01T03:15:33,24.0,3248.59,4.1858,3.3229,2.4691,4.1858,3.4887,1.7167,-1.8655,-2.0164,0.0008,23.98,35.94,23.98,38.75,32.03,14.77,0.004547,5.9069,0.063595,0.084185,1.67148,2.0,83.574,82.123,63,7,109,53
B0006,57,2008-05-01T08:16:03,24.0,3238.77,4.1854,3.3269,2.4177,4.1857,3.4823,1.7677,-1.8593,-2.014,0.0013,23.82,35.89,23.82,38.84,31.98,15.02,0.004637,5.86,0.065285,0.08605,1.66076,2.0,83.038,81.596,63,6,109,52
B0006,58,2008-05-01T13:14:24,24.0,3240.14,4.1845,3.3364,2.3775,4.1849,3.4776,1.8069,-1.8482,-2.0143,0.0,23.94,35.96,23.94,39.22,32.24,15.28,0.004715,5.8207,0.066534,0.086748,1.65112,2.0,82.556,81.123,63,5,109,51
B0006,59,2008-05-01T18:11:10,24.0,3230.11,4.1845,3.3562,2.4437,4.1846,3.4787,1.7408,-1.8416,-2.0171,0.0008,24.46,36.04,24.44,39.47,32.56,15.01,0.004647,5.7824,0.066341,0.087206,1.64013,2.0,82.007,80.583,63,4,109,50
B0006,60,2008-05-01T23:10:15,24.0,3229.78,4.1845,3.3715,2.4324,4.1846,3.474,1.752,-1.8298,-2.0153,0.0023,24.25,35.71,24.24,39.35,32.49,15.1,0.004675,5.7366,0.06591,0.087128,1.6292,2.0,81.46,80.046,63,3,109,49
B0006,61,2008-05-02T03:53:34,24.0,3212.47,4.1811,3.396,2.4941,4.1812,3.4718,1.687,-1.8171,-2.0264,0.0026,24.11,35.37,24.11,39.32,32.43,15.2,0.004733,5.6601,0.066056,0.087563,1.60885,2.0,80.442,79.046,63,2,109,48
B0006,62,2008-05-02T08:44:40,24.0,3213.22,4.1824,3.3939,2.3823,4.1826,3.4632,1.8001,-1.8112,-2.0143,0.0017,23.93,35.19,23.93,39.47,32.3,15.54,0.004837,5.6291,0.065903,0.088209,1.60352,2.0,80.176,78.784,63,1,109,47
B0006,63,2008-05-02T13:43:05,24.0,3203.58,4.1838,3.3978,2.4067,4.184,3.4635,1.7772,-1.8113,-2.0249,0.0007,24.06,35.68,24.06,39.74,32.61,15.68,0.004894,5.6132,0.067912,0.088315,1.59897,2.0,79.949,78.56,63,0,109,46
B0006,64,2008-05-02T19:07:48,24.0,3195.12,4.1824,3.4164,2.4204,4.1824,3.4602,1.762,-1.8038,-2.0134,0.0004,24.44,34.72,24.42,39.04,32.26,14.6,0.004569,5.5659,0.066744,0.08858,1.58763,2.0,79.381,78.003,63,0,109,45
B0006,65,2008-05-02T23:24:17,24.0,3195.31,4.191,3.4175,2.4508,4.191,3.4626,1.7402,-1.7982,-2.0149,0.001,24.3,35.03,24.3,39.16,32.47,14.86,0.00465,5.5541,0.066744,0.08858,1.58297,2.0,79.149,77.774,63,0,109,44
B0006,66,2008-05-03T04:13:08,24.0,3186.3,4.1816,3.4275,2.393,4.1819,3.4537,1.7886,-1.7858,-2.0141,0.0008,24.12,34.77,24.12,39.2,32.4,15.08,0.004734,5.4848,0.066413,0.089503,1.56714,2.0,78.357,76.996,63,0,109,43
B0006,67,2008-05-03T09:10:19,24.0,3176.44,4.1834,3.4348,2.3939,4.1834,3.4514,1.7895,-1.7851,-2.0165,0.0006,23.96,34.7,23.95,39.16,32.31,15.2,0.004786,5.4593,0.066869,0.08981,1.56134,2.0,78.067,76.712,63,0,109,42
B0006,68,2008-05-03T14:04:34,24.0,3167.59,4.1824,3.4482,2.4373,4.1829,3.4508,1.7451,-1.7786,-2.0144,-0.0001,23.96,34.6,23.95,39.18,32.35,15.22,0.004805,5.421,0.067564,0.090933,1.55117,2.0,77.559,76.212,63,0,109,41
B0006,69,2008-05-03T18:58:13,24.0,3167.72,4.1826,3.4471,2.3705,4.1826,3.4461,1.8121,-1.7728,-2.0162,0.0015,24.03,34.66,24.03,39.38,32.47,15.35,0.004846,5.3966,0.067679,0.090975,1.54067,2.0,77.034,75.696,63,0,109,40
B0006,70,2008-05-03T23:42:30,24.0,3159.08,4.1774,3.4551,2.3513,4.1776,3.4418,1.8261,-1.7602,-2.0224,0.0045,24.05,34.5,24.05,39.45,32.52,15.39,0.004872,5.3363,0.067973,0.092324,1.52531,2.0,76.266,74.942,63,0,109,39
B0006,71,2008-05-04T04:41:40,24.0,3148.83,4.183,3.468,2.4368,4.1832,3.445,1.7461,-1.7653,-2.0157,0.001,24.0,34.59,24.0,39.41,32.52,15.4,0.004892,5.3358,0.068334,0.092017,1.53016,2.0,76.508,75.18,63,0,109,38
B0006,72,2008-05-04T09:40:11,24.0,3149.09,4.1833,3.4711,2.3903,4.1836,3.4412,1.793,-1.7593,-2.0154,0.0029,23.99,34.48,23.99,39.48,32.54,15.5,0.004921,5.3109,0.068851,0.092582,1.52466,2.0,76.233,74.909,63,0,109,37
B0006,73,2008-05-04T14:38:13,24.0,3140.55,4.1832,3.4883,2.4892,4.1832,3.4436,1.694,-1.7526,-2.0142,0.0051,23.97,34.32,23.97,39.44,32.56,15.47,0.004925,5.2756,0.069066,0.093491,1.51455,2.0,75.727,74.413,63,0,109,36
B0006,74,2008-05-04T19:37:07,24.0,3131.62,4.1834,3.4882,2.4506,4.1835,3.4399,1.7327,-1.7517,-2.0151,0.002,23.97,34.37,23.96,39.54,32.59,15.57,0.004971,5.252,0.068709,0.093877,1.50939,2.0,75.47,74.159,63,0,109,35
B0006,75,2008-05-05T00:35:53,24.0,3121.91,4.1829,3.4877,2.4112,4.1832,3.436,1.7717,-1.751,-2.015,0.001,23.9,34.37,23.9,39.59,32.57,15.69,0.005026,5.2276,0.069526,0.094186,1.504,2.0,75.2,73.894,63,0,109,34
B0006,76,2008-05-05T05:28:13,24.0,3122.12,4.1819,3.5019,2.4609,4.182,3.4363,1.721,-1.7389,-2.0159,0.0016,23.85,34.07,23.85,39.5,32.54,15.65,0.005013,5.1886,0.068252,0.09344,1.49352,2.0,74.676,73.379,63,0,109,33
B0006,77,2008-05-05T11:41:31,24.0,3121.67,4.1822,3.5065,2.3784,4.1824,3.4305,1.8037,-1.7386,-2.017,0.0012,23.87,34.01,23.87,39.97,32.66,16.09,0.005156,5.1768,0.069603,0.095613,1.48763,2.0,74.382,73.09,63,0,109,32
B0006,78,2008-05-05T20:40:08,24.0,3120.86,4.19,3.4613,2.3845,4.19,3.4417,1.8055,-1.7871,-2.0152,0.0005,24.45,35.63,24.45,40.43,33.18,15.97,0.005118,5.3477,0.069603,0.095613,1.53029,2.0,76.514,75.186,63,0,109,31
B0006,79,2008-05-06T01:38:46,24.0,3103.83,4.1812,3.496,2.4486,4.1812,3.4355,1.7326,-1.7613,-2.0133,0.0014,23.81,34.63,23.81,40.02,32.71,16.21,0.005223,5.2236,0.069444,0.095087,1.50408,2.0,75.204,73.898,63,0,109,30
B0006,80,2008-05-06T06:37:06,24.0,3095.09,4.1817,3.4959,2.3629,4.1822,3.4272,1.8188,-1.7546,-2.0143,0.0017,23.39,34.48,23.38,40.02,32.54,16.63,0.005372,5.1762,0.069241,0.095411,1.48876,2.0,74.438,73.146,63,0,109,29
B0006,81,2008-05-06T11:25:21,24.0,3095.78,4.1801,3.5168,2.4797,4.1802,3.4308,1.7004,-1.7364,-2.0152,0.0068,23.49,34.2,23.48,40.08,32.67,16.58,0.005357,5.1226,0.07018,0.095801,1.47828,2.0,73.914,72.631,63,0,109,28
B0006,82,2008-05-06T16:23:36,24.0,3094.33,4.1824,3.5141,2.461,4.1828,3.4309,1.7214,-1.7372,-2.0164,0.0002,23.95,34.73,23.95,40.57,33.16,16.62,0.00537,5.1249,0.070321,0.095302,1.47846,2.0,73.923,72.64,63,0,109,27
B0006,83,2008-05-06T21:21:49,24.0,3086.53,4.183,3.5179,2.4795,4.183,3.432,1.7035,-1.7358,-2.0142,0.001,24.31,34.85,24.31,40.75,33.41,16.45,0.005328,5.1077,0.069308,0.094548,1.47321,2.0,73.661,72.382,63,0,109,26
B0006,84,2008-05-07T02:17:25,24.0,3085.62,4.1826,3.5191,2.4215,4.1826,3.4269,1.7611,-1.7297,-2.0145,0.002,24.17,34.71,24.17,40.71,33.35,16.55,0.005362,5.0802,0.07066,0.09558,1.46752,2.0,73.376,72.102,63,0,109,25
B0006,85,2008-05-07T07:04:02,24.0,3067.2,4.1803,3.5215,2.3928,4.1804,3.422,1.7875,-1.7279,-2.0151,0.0025,23.98,34.41,23.98,40.59,33.14,16.61,0.005414,5.0352,0.070488,0.096375,1.45163,2.0,72.581,71.321,63,0,109,24
B0006,86,2008-05-07T12:01:49,24.0,3058.16,4.1823,3.5312,2.4105,4.1825,3.4203,1.7718,-1.7269,-2.0151,0.0011,23.64,34.23,23.64,40.37,32.92,16.73,0.00547,5.0128,0.071253,0.096933,1.45192,2.0,72.596,71.336,63,0,109,23
B0006,87,2008-05-07T16:59:29,24.0,3058.81,4.1825,3.5407,2.4915,4.1826,3.4248,1.691,-1.7212,-2.0158,0.0004,23.83,34.45,23.83,40.67,33.2,16.84,0.005505,5.0008,0.072909,0.096859,1.44715,2.0,72.357,71.101,63,0,109,22
B0006,88,2008-05-07T21:56:09,24.0,3058.58,4.1826,3.5357,2.4449,4.1826,3.4235,1.7377,-1.7211,-2.0166,0.0012,24.21,34.8,24.21,40.99,33.53,16.78,0.005486,4.9997,0.07251,0.096602,1.44685,2.0,72.343,71.087,63,0,109,21
B0006,89,2008-05-08T02:53:49,24.0,3049.33,4.1829,3.5426,2.4841,4.183,3.4247,1.6989,-1.7201,-2.0181,0.0004,24.27,34.82,24.27,41.0,33.58,16.72,0.005485,4.9813,0.070888,0.097407,1.44167,2.0,72.084,70.832,63,0,109,20
B0006,90,2008-05-09T12:25:07,24.0,3177.22,4.2224,3.5029,2.479,4.2225,3.4507,1.7433,-1.821,-2.0143,0.0003,24.06,36.55,24.06,40.77,33.22,16.71,0.005261,5.553,0.071415,0.096149,1.59359,2.0,79.679,78.296,63,0,109,19
B0006,91,2008-05-09T20:28:09,24.0,3082.94,4.1908,3.4591,2.4821,4.1909,3.448,1.7087,-1.8214,-2.0163,0.0002,24.68,36.57,24.68,40.52,33.37,15.85,0.00514,5.391,0.070752,0.090482,1.54639,2.0,77.32,75.977,63,0,109,18
B0006,92,2008-05-10T01:21:56,24.0,3074.27,4.1828,3.4886,2.4524,4.183,3.4399,1.7304,-1.7899,-2.0146,0.002,24.71,35.96,24.71,40.58,33.43,15.86,0.00516,5.2669,0.070304,0.093053,1.51471,2.0,75.735,74.42,63,0,109,17
B0006,93,2008-05-10T06:18:12,24.0,3066.0,4.1839,3.5007,2.4198,4.1839,3.4341,1.764,-1.7769,-2.0144,0.0005,24.47,35.57,24.45,40.52,33.29,16.05,0.005235,5.2022,0.071567,0.09367,1.49898,2.0,74.949,73.648,63,0,109,16
B0006,94,2008-05-10T11:16:04,24.0,3056.44,4.1838,3.5191,2.4707,4.184,3.4326,1.7132,-1.764,-2.0153,0.0007,24.22,35.13,24.22,40.34,33.14,16.12,0.005274,5.1416,0.072351,0.094403,1.48311,2.0,74.156,72.868,63,0,109,15
B0006,95,2008-05-10T16:11:56,24.0,3048.22,4.1833,3.5213,2.4138,4.1836,3.4271,1.7695,-1.7572,-2.0158,0.0021,24.11,35.05,24.11,40.39,33.11,16.28,0.005341,5.0983,0.070338,0.095071,1.47297,2.0,73.648,72.37,63,0,109,14
B0006,96,2008-05-10T21:07:54,24.0,3039.22,4.1832,3.5316,2.4562,4.1834,3.4273,1.7269,-1.7503,-2.0154,0.0017,24.15,34.99,24.15,40.46,33.19,16.31,0.005367,5.0612,0.071483,0.095468,1.46276,2.0,73.138,71.868,63,0,109,13
B0006,97,2008-05-11T02:05:21,24.0,3039.05,4.1835,3.5329,2.4018,4.1836,3.4235,1.7817,-1.744,-2.0177,0.0015,24.19,34.94,24.19,40.58,33.26,16.39,0.005393,5.0358,0.071779,0.096789,1.45184,2.0,72.592,71.331,63,0,109,12
B0006,98,2008-05-11T06:55:27,24.0,3030.38,4.1817,3.539,2.4088,4.1817,3.4221,1.7729,-1.7369,-2.0199,0.0017,24.24,34.85,24.24,40.62,33.3,16.38,0.005405,4.9972,0.072177,0.097315,1.44687,2.0,72.343,71.087,63,0,109,11
B0006,99,2008-05-11T11:52:47,24.0,3021.0,4.1832,3.5455,2.4308,4.1832,3.4219,1.7524,-1.736,-2.0198,0.002,24.19,34.86,24.19,40.63,33.32,16.44,0.005442,4.9759,0.072758,0.097424,1.44138,2.0,72.069,70.818,63,0,109,10
B0006,100,2008-05-11T16:49:58,24.0,3021.75,4.1828,3.5485,2.3989,4.183,3.4196,1.784,-1.7297,-2.0153,0.0022,24.23,34.84,24.23,40.74,33.39,16.52,0.005466,4.955,0.071612,0.096183,1.43121,2.0,71.561,70.318,63,0,109,9
B0006,101,2008-05-11T21:47:12,24.0,3012.26,4.1826,3.5499,2.3814,4.1831,3.4175,1.8012,-1.7288,-2.0139,0.0006,24.22,34.88,24.22,40.82,33.42,16.6,0.005509,4.9338,0.072363,0.098006,1.42602,2.0,71.301,70.063,63,0,109,8
B0006,102,2008-05-12T02:36:58,24.0,3002.64,4.1815,3.5622,2.4599,4.1815,3.4198,1.7217,-1.7217,-2.0151,0.0019,24.22,34.67,24.21,40.73,33.4,16.51,0.005499,4.8966,0.072172,0.097544,1.42049,2.0,71.024,69.791,63,0,109,7
B0006,103,2008-05-12T12:56:34,24.0,3012.0,4.172,3.5588,2.4007,4.172,3.4171,1.7713,-1.7228,-2.0152,0.0023,24.27,35.26,24.27,41.45,33.74,17.19,0.005706,4.9122,0.073275,0.098168,1.4207,2.0,71.035,69.802,63,0,109,6
B0006,104,2008-05-12T18:59:59,24.0,3020.11,4.1884,3.5414,2.4728,4.1884,3.4305,1.7156,-1.7487,-2.0181,0.0082,25.01,35.87,25.01,41.4,34.09,16.39,0.005426,5.0273,0.072553,0.094,1.45226,2.0,72.613,71.352,63,0,109,5
B0006,105,2008-05-12T23:53:17,24.0,3002.17,4.1813,3.5573,2.4673,4.1815,3.4251,1.714,-1.7345,-2.0152,0.0002,24.82,35.56,24.82,41.37,34.0,16.55,0.005512,4.9445,0.073742,0.09682,1.43156,2.0,71.578,70.335,63,0,109,4
B0006,106,2008-05-13T04:35:25,24.0,2992.7,4.1795,3.556,2.3692,4.1795,3.4171,1.8103,-1.7272,-2.0139,0.0014,24.66,35.38,24.66,41.38,33.91,16.72,0.005586,4.8944,0.073512,0.097848,1.41502,2.0,70.751,69.522,63,0,109,3
B0006,107,2008-05-13T09:24:04,24.0,2964.47,4.1809,3.5655,2.4483,4.181,3.4175,1.7326,-1.7305,-2.0262,0.0052,24.43,35.26,24.42,41.14,33.71,16.71,0.005637,4.8558,0.073631,0.098721,1.40973,2.0,70.487,69.263,63,0,109,2
B0006,108,2008-05-13T14:20:24,24.0,2983.38,4.1827,3.5778,2.4599,4.1827,3.4182,1.7228,-1.7141,-2.0155,0.0018,24.34,34.98,24.34,41.22,33.75,16.87,0.005656,4.8369,0.074837,0.098556,1.40492,2.0,70.246,69.026,63,0,109,1
B0006,109,2008-05-13T19:04:20,24.0,2975.3,4.1797,3.5824,2.4979,4.1799,3.4203,1.6818,-1.7068,-2.0144,0.0005,24.69,35.1,24.69,41.4,34.02,16.71,0.005616,4.8053,0.074229,0.097946,1.39516,2.0,69.758,68.547,63,0,109,0
B0006,110,2008-05-13T23:59:26,24.0,2974.99,4.1822,3.5837,2.4722,4.1823,3.4193,1.71,-1.7064,-2.0154,0.0004,24.83,35.23,24.83,41.59,34.18,16.75,0.005631,4.8015,0.073593,0.097943,1.39453,2.0,69.727,68.516,63,0,109,0
B0006,111,2008-05-14T04:55:57,24.0,2966.25,4.1825,3.5856,2.4279,4.183,3.4144,1.7546,-1.7053,-2.0249,0.0027,24.57,35.03,24.57,41.44,33.98,16.86,0.005685,4.7756,0.07429,0.097828,1.38932,2.0,69.466,68.26,63,0,109,0
B0006,112,2008-05-14T09:52:22,24.0,2956.36,4.1824,3.589,2.4276,4.1825,3.4127,1.7548,-1.7046,-2.027,0.0014,24.37,34.96,24.36,41.37,33.84,17.0,0.005751,4.7535,0.074362,0.100297,1.38384,2.0,69.192,67.991,63,0,109,0
B0006,113,2008-05-14T14:35:22,24.0,2956.34,4.1795,3.5865,2.3734,4.1795,3.4104,1.8062,-1.6986,-2.0148,0.0037,24.63,35.13,24.62,41.66,34.1,17.04,0.005762,4.7338,0.073088,0.100286,1.37368,2.0,68.684,67.492,63,0,109,0
B0006,114,2008-05-14T19:31:39,24.0,2956.41,4.1824,3.5924,2.4249,4.1825,3.4144,1.7575,-1.6982,-2.0151,0.0014,24.91,35.31,24.91,41.82,34.35,16.91,0.00572,4.7373,0.073906,0.100348,1.37861,2.0,68.93,67.734,63,0,109,0
B0006,115,2008-05-15T00:27:55,24.0,2947.27,4.1827,3.5963,2.427,4.1828,3.4132,1.7557,-1.6971,-2.0152,0.0009,24.79,35.17,24.78,41.69,34.22,16.9,0.005734,4.7174,0.074065,0.099037,1.37376,2.0,68.688,67.495,63,0,109,0
B0006,116,2008-05-15T05:24:04,24.0,2937.98,4.1824,3.6002,2.4173,4.1824,3.4107,1.7651,-1.6959,-2.0162,0.0023,24.55,34.99,24.55,41.57,34.04,17.01,0.00579,4.6932,0.074341,0.100679,1.36826,2.0,68.413,67.225,63,0,109,0
B0006,117,2008-05-15T10:20:03,24.0,2929.12,4.1824,3.6043,2.4185,4.1825,3.4089,1.7639,-1.6953,-2.015,0.0029,24.33,34.87,24.32,41.46,33.89,17.14,0.005851,4.6727,0.074984,0.100381,1.3633,2.0,68.165,66.982,63,0,109,0
B0006,118,2008-05-15T15:10:59,24.0,2928.45,4.1811,3.6102,2.4809,4.1813,3.4134,1.7002,-1.689,-2.0148,0.0018,24.58,34.99,24.58,41.61,34.12,17.04,0.005818,4.6593,0.073634,0.100343,1.3581,2.0,67.905,66.726,63,0,109,0
B0006,119,2008-05-15T19:56:47,24.0,2929.38,4.1801,3.6044,2.4078,4.1805,3.4112,1.7723,-1.6892,-2.015,0.001,24.99,35.37,24.98,42.01,34.49,17.01,0.005808,4.6601,0.074957,0.098675,1.35327,2.0,67.663,66.489,63,0,109,0
B0006,120,2008-05-16T16:54:59,24.0,2946.03,4.1636,3.5929,2.4332,4.1636,3.4155,1.7303,-1.7102,-2.0149,0.0022,25.17,35.36,25.14,41.62,34.24,16.45,0.005584,4.757,0.075133,0.099885,1.38416,2.0,69.208,68.006,63,0,109,0
B0006,121,2008-05-16T21:37:39,24.0,2955.44,4.19,3.5863,2.4408,4.19,3.423,1.7492,-1.7302,-2.0219,0.0009,25.17,35.89,25.17,41.8,34.41,16.63,0.005628,4.8432,0.075133,0.099885,1.40515,2.0,70.257,69.038,63,0,109,0
B0006,122,2008-05-17T02:32:13,24.0,2937.62,4.1823,3.5994,2.3961,4.1824,3.4148,1.7863,-1.7152,-2.014,0.0023,24.82,35.41,24.82,41.65,34.16,16.83,0.00573,4.7548,0.075928,0.10033,1.37872,2.0,68.936,67.739,63,0,109,0
B0006,123,2008-05-17T07:25:19,24.0,2929.08,4.182,3.6133,2.4493,4.1821,3.4144,1.7327,-1.7013,-2.0142,0.0018,24.46,34.87,24.45,41.36,33.88,16.9,0.00577,4.6954,0.075509,0.101161,1.36827,2.0,68.413,67.225,63,0,109,0
B0006,124,2008-05-17T12:21:15,24.0,2918.38,4.1827,3.6129,2.3842,4.1827,3.4092,1.7985,-1.7004,-2.0142,0.0024,24.32,34.9,24.32,41.43,33.84,17.11,0.005863,4.6687,0.07461,0.101459,1.35732,2.0,67.866,66.687,63,0,109,0
B0006,125,2008-05-17T17:15:37,24.0,2919.81,4.1823,3.6231,2.4441,4.1823,3.4119,1.7382,-1.6874,-2.014,0.0011,24.3,34.62,24.3,41.34,33.82,17.04,0.005837,4.6344,0.07488,0.100603,1.35249,2.0,67.625,66.451,63,0,109,0
B0006,126,2008-05-17T22:10:51,24.0,2900.42,4.1824,3.6225,2.4296,4.1824,3.4094,1.7528,-1.6919,-2.0148,0.0017,24.26,34.75,24.26,41.38,33.81,17.12,0.005901,4.6135,0.075281,0.102545,1.34741,2.0,67.37,66.201,63,0,109,0
B0006,127,2008-05-18T03:05:19,24.0,2901.38,4.1821,3.6263,2.4102,4.1821,3.4082,1.7718,-1.6853,-2.0142,0.002,24.23,34.61,24.23,41.38,33.8,17.14,0.005909,4.5924,0.074996,0.101387,1.33701,2.0,66.85,65.69,63,0,109,0
B0006,128,2008-05-18T08:00:50,24.0,2901.19,4.1823,3.6309,2.4099,4.1823,3.4074,1.7724,-1.6787,-2.0146,0.008,24.08,34.38,24.08,41.31,33.7,17.22,0.005936,4.5695,0.076359,0.101432,1.33124,2.0,66.562,65.406,63,0,109,0
B0006,129,2008-05-18T12:44:48,24.0,2891.64,4.1796,3.6367,2.4539,4.1797,3.4086,1.7257,-1.6712,-2.0134,0.001,24.03,34.22,24.03,41.2,33.64,17.17,0.005938,4.5326,0.074777,0.102809,1.32593,2.0,66.297,65.145,63,0,109,0
B0006,130,2008-05-18T17:36:29,24.0,2882.91,4.1814,3.6336,2.394,4.1814,3.4048,1.7874,-1.6769,-2.014,0.0013,24.04,34.4,24.04,41.33,33.69,17.29,0.005999,4.5318,0.076011,0.102075,1.32158,2.0,66.079,64.932,63,0,109,0
B0006,131,2008-05-18T22:31:45,24.0,2883.26,4.1819,3.6409,2.4513,4.1821,3.4081,1.7305,-1.6701,-2.0139,0.0019,24.07,34.27,24.07,41.3,33.71,17.23,0.005977,4.5142,0.076323,0.102432,1.32123,2.0,66.061,64.914,63,0,109,0
B0006,132,2008-05-19T03:27:07,24.0,2882.97,4.1821,3.6463,2.475,4.1821,3.4092,1.707,-1.6635,-2.0137,0.0048,24.0,34.1,24.0,41.24,33.65,17.24,0.00598,4.4941,0.074995,0.102596,1.31565,2.0,65.782,64.64,63,0,109,0
B0006,133,2008-05-19T15:34:33,24.0,2891.66,4.1688,3.6432,2.4569,4.1688,3.4111,1.7119,-1.6646,-2.0145,0.0017,24.67,34.35,24.66,41.36,33.98,16.7,0.005775,4.5162,0.076559,0.103018,1.3209,2.0,66.045,64.898,63,0,109,0
B0006,134,2008-05-19T20:59:48,24.0,2901.25,4.1901,3.6301,2.4382,4.1901,3.4167,1.7519,-1.6918,-2.0138,0.0011,24.81,34.64,24.81,40.89,33.82,16.09,0.005545,4.6221,0.076559,0.103018,1.34743,2.0,67.372,66.202,63,0,109,0
B0006,135,2008-05-20T01:16:42,24.0,2891.7,4.187,3.6444,2.4946,4.1872,3.417,1.6923,-1.6712,-2.0133,0.0016,24.57,34.13,24.57,40.65,33.61,16.08,0.005562,4.5423,0.076559,0.103018,1.32601,2.0,66.301,65.15,63,0,109,0
B0006,136,2008-05-20T06:12:06,24.0,2883.02,4.1821,3.6477,2.4367,4.1823,3.4106,1.7454,-1.6633,-2.0139,0.0018,24.32,33.89,24.31,40.58,33.47,16.27,0.005643,4.4949,0.076278,0.102093,1.31012,2.0,65.506,64.369,63,0,109,0
B0006,137,2008-05-20T11:07:23,24.0,2873.45,4.1822,3.6548,2.4859,4.1823,3.4113,1.6964,-1.6559,-2.0142,0.0011,24.0,33.56,24.0,40.32,33.21,16.32,0.005679,4.4578,0.076281,0.10123,1.30522,2.0,65.261,64.128,63,0,109,0
B0006,138,2008-05-20T15:57:27,24.0,2874.03,4.1811,3.6498,2.3958,4.1814,3.4081,1.7854,-1.6561,-2.0141,0.0011,24.36,33.98,24.36,40.78,33.58,16.42,0.005713,4.4574,0.075591,0.1017,1.30041,2.0,65.02,63.891,63,0,109,0
B0006,139,2008-05-20T20:50:39,24.0,2874.23,4.1819,3.6548,2.4505,4.1821,3.4126,1.7314,-1.6493,-2.0148,0.0035,24.62,33.99,24.62,40.86,33.76,16.24,0.005649,4.4427,0.074369,0.101951,1.30024,2.0,65.012,63.883,63,0,109,0
B0006,140,2008-05-21T01:39:38,24.0,2864.98,4.1811,3.6552,2.3942,4.1812,3.4077,1.7869,-1.6481,-2.0149,0.0007,24.36,33.8,24.36,40.75,33.57,16.39,0.005719,4.4169,0.075549,0.103391,1.28951,2.0,64.475,63.356,63,0,109,0
B0006,141,2008-05-21T06:24:27,24.0,2855.09,4.1798,3.6609,2.4304,4.1802,3.4073,1.7495,-1.6403,-2.0139,0.0021,24.06,33.4,24.06,40.47,33.27,16.41,0.005749,4.3781,0.075438,0.101902,1.27925,2.0,63.963,62.852,63,0,109,0
B0006,142,2008-05-21T11:18:06,24.0,2855.62,4.1816,3.6666,2.4756,4.1816,3.4093,1.7061,-1.6339,-2.0148,0.0012,23.84,33.17,23.84,40.28,33.13,16.44,0.005758,4.3593,0.075283,0.102128,1.27921,2.0,63.96,62.85,63,0,109,0
B0006,143,2008-05-21T16:10:21,24.0,2855.59,4.1815,3.6648,2.4467,4.1819,3.4095,1.7348,-1.634,-2.0145,0.002,24.12,33.53,24.12,40.64,33.44,16.52,0.005786,4.3608,0.075043,0.102348,1.27404,2.0,63.702,62.596,63,0,109,0
B0006,144,2008-05-21T21:02:09,24.0,2847.44,4.1816,3.6671,2.4607,4.1817,3.4103,1.7209,-1.6325,-2.0149,0.004,24.25,33.48,24.25,40.64,33.48,16.39,0.005757,4.3433,0.074931,0.103165,1.27413,2.0,63.706,62.6,63,0,109,0
B0006,145,2008-05-22T01:42:59,24.0,2847.36,4.1787,3.6711,2.462,4.1787,3.4093,1.7167,-1.6193,-2.015,0.0014,23.97,33.05,23.97,40.39,33.22,16.41,0.005765,4.3028,0.075559,0.101716,1.26376,2.0,63.188,62.091,63,0,109,0
B0006,146,2008-05-22T06:32:40,24.0,2837.33,4.1811,3.6755,2.4999,4.1811,3.4094,1.6812,-1.6178,-2.0151,0.0037,23.68,32.8,23.68,40.15,32.99,16.47,0.005806,4.2814,0.075291,0.103991,1.25814,2.0,62.907,61.815,63,0,109,0
B0006,147,2008-05-22T11:23:22,24.0,2837.28,4.1812,3.6729,2.4062,4.1812,3.4039,1.7751,-1.6181,-2.0157,0.0014,23.53,32.88,23.52,40.26,32.97,16.73,0.005896,4.2766,0.076959,0.102781,1.25326,2.0,62.663,61.575,63,0,109,0
B0006,148,2008-05-22T16:17:58,24.0,2838.51,4.1821,3.6729,2.4092,4.1821,3.4066,1.7729,-1.6181,-2.0142,0.0088,23.9,33.21,23.9,40.65,33.31,16.75,0.005902,4.2803,0.075825,0.104106,1.25323,2.0,62.662,61.574,63,0,109,0
B0006,149,2008-05-22T20:59:50,24.0,2828.33,4.1795,3.6764,2.4705,4.1795,3.4096,1.7089,-1.6104,-2.0163,0.0019,23.93,33.01,23.93,40.41,33.23,16.48,0.005828,4.2466,0.075912,0.104944,1.24809,2.0,62.404,61.321,63,0,109,0
B0006,150,2008-05-23T12:13:16,24.0,2838.26,4.1642,3.6787,2.4997,4.1642,3.4094,1.6646,-1.6116,-2.015,0.0007,23.56,32.83,23.56,40.5,33.12,16.93,0.005966,4.2624,0.076293,0.106471,1.25344,2.0,62.672,61.584,63,0,109,0
B0006,151,2008-05-23T20:14:29,24.0,2864.55,4.1892,3.666,2.484,4.1892,3.4195,1.7053,-1.642,-2.0181,0.0011,24.18,33.96,24.18,41.36,33.78,17.17,0.005996,4.411,0.074449,0.097635,1.2898,2.0,64.49,63.371,63,0,109,0
B0006,152,2008-05-24T01:09:21,24.0,2846.39,4.1807,3.6735,2.4675,4.1808,3.4152,1.7131,-1.6195,-2.0143,0.0006,24.14,33.67,24.14,41.38,33.81,17.24,0.006057,4.3093,0.075288,0.101313,1.26354,2.0,63.177,62.08,63,0,109,0
B0006,153,2008-05-24T06:00:20,24.0,2837.97,4.181,3.6793,2.4946,4.1812,3.4155,1.6864,-1.6049,-2.0138,0.0058,23.96,33.29,23.96,41.21,33.64,17.25,0.006077,4.252,0.075251,0.102631,1.24798,2.0,62.399,61.315,63,0,109,0
B0006,154,2008-05-24T10:42:50,24.0,2838.16,4.1796,3.681,2.4577,4.1798,3.413,1.7219,-1.5916,-2.0149,0.0023,23.85,33.07,23.85,41.21,33.58,17.35,0.006114,4.2094,0.075796,0.103376,1.23212,2.0,61.606,60.536,63,0,109,0
B0006,155,2008-05-24T15:31:10,24.0,2829.84,4.1807,3.6816,2.4099,4.1808,3.4095,1.7708,-1.5901,-2.0149,0.001,23.75,33.06,23.75,41.28,33.56,17.53,0.006194,4.1867,0.076343,0.104594,1.22711,2.0,61.356,60.29,63,0,109,0
B0006,156,2008-05-24T20:21:13,24.0,2829.62,4.1814,3.6871,2.4794,4.1814,3.4138,1.7019,-1.5768,-2.0148,0.0009,23.72,32.81,23.72,41.16,33.51,17.44,0.006163,4.1525,0.075486,0.104157,1.22174,2.0,61.087,60.026,63,0,109,0
B0006,157,2008-05-25T01:06:49,24.0,2819.44,4.1804,3.6866,2.4346,4.1806,3.4109,1.7458,-1.5753,-2.0155,0.0012,23.76,32.86,23.76,41.23,33.54,17.47,0.006196,4.1299,0.075678,0.104989,1.2111,2.0,60.555,59.504,63,0,109,0
B0006,158,2008-05-25T05:57:17,24.0,2819.58,4.1813,3.6887,2.4257,4.1814,3.4106,1.7556,-1.5685,-2.0148,0.0017,23.66,32.72,23.66,41.21,33.5,17.55,0.006225,4.109,0.076397,0.106256,1.20562,2.0,60.281,59.234,63,0,109,0
B0006,159,2008-05-25T10:51:37,24.0,2810.67,4.1819,3.6894,2.4179,4.1819,3.4097,1.764,-1.5671,-2.0146,0.0027,23.66,32.77,23.65,41.27,33.52,17.61,0.006266,4.0907,0.075541,0.103252,1.20089,2.0,60.045,59.002,63,0,109,0
B0006,160,2008-05-25T15:37:08,24.0,2811.49,4.1794,3.6916,2.4542,4.1796,3.4129,1.7253,-1.5538,-2.0148,0.0021,23.72,32.6,23.72,41.24,33.53,17.51,0.006229,4.0566,0.077586,0.104731,1.19059,2.0,59.53,58.496,63,0,109,0
B0006,161,2008-05-25T20:23:04,24.0,2802.42,4.1804,3.6925,2.4636,4.1806,3.4135,1.7168,-1.5522,-2.014,0.0031,23.76,32.62,23.75,41.24,33.57,17.48,0.006237,4.0383,0.079141,0.104106,1.18518,2.0,59.259,58.23,63,0,109,0
B0006,162,2008-05-26T01:13:02,24.0,2801.62,4.1814,3.6939,2.4704,4.1814,3.4144,1.711,-1.5453,-2.014,0.002,23.81,32.55,23.81,41.28,33.6,17.48,0.006238,4.0185,0.077035,0.104303,1.17967,2.0,58.984,57.959,63,0,109,0
B0006,163,2008-05-26T06:01:08,24.0,2802.03,4.1808,3.6946,2.4358,4.1808,3.4124,1.7451,-1.5387,-2.0165,0.0039,23.71,32.43,23.71,41.28,33.54,17.57,0.00627,3.997,0.075587,0.10545,1.1746,2.0,58.73,57.71,63,0,109,0
B0006,164,2008-05-26T10:44:38,24.0,2793.39,4.1697,3.6963,2.4812,4.1697,3.4148,1.6885,-1.517,-2.0193,0.0022,23.71,32.11,23.71,41.15,33.47,17.44,0.006244,3.9243,0.0768,0.105058,1.15382,2.0,57.691,56.689,63,0,109,0
B0006,165,2008-05-26T15:30:43,24.0,2793.39,4.1803,3.6972,2.4915,4.1803,3.4166,1.6887,-1.5239,-2.0146,0.002,23.79,32.3,23.79,41.26,33.58,17.47,0.006254,3.946,0.077734,0.105526,1.1644,2.0,58.22,57.209,63,0,109,0
B0006,166,2008-05-26T20:21:04,24.0,2792.49,4.1812,3.6967,2.409,4.1812,3.4121,1.7721,-1.5238,-2.0162,0.0004,23.8,32.42,23.8,41.46,33.66,17.66,0.006322,3.9393,0.076498,0.106684,1.1588,2.0,57.94,56.934,63,0,109,0
B0006,167,2008-05-27T15:52:41,24.0,2802.02,4.1575,3.6931,2.4758,4.1576,3.4197,1.6818,-1.5391,-2.0137,-0.0004,24.7,32.37,24.7,41.12,33.73,16.42,0.005859,4.0086,0.076934,0.105898,1.17497,2.0,58.749,57.729,63,0,109,0
B0006,168,2008-05-27T20:45:42,24.0,2820.39,4.1885,3.6918,2.416,4.1885,3.4235,1.7725,-1.5427,-2.0149,0.0032,24.91,32.19,24.91,41.36,33.89,16.45,0.005834,4.053,0.076934,0.105898,1.18568,2.0,59.284,58.254,63,0,109,0
