battery_id,cycle_number,start_time_iso,ambient_temperature,duration_s_scaled,v_start_scaled,v_end_scaled,v_min_scaled,v_max_scaled,v_mean_scaled,v_drop_scaled,v_std_scaled,voltage_slope_scaled,v_skew_scaled,dc_internal_resistance_scaled,i_mean_scaled,i_min_scaled,i_max_scaled,t_start_scaled,t_end_scaled,t_min_scaled,t_max_scaled,t_mean_scaled,temp_rise_scaled,temp_rise_rate_scaled,temp_std_scaled,energy_wh_scaled,capacity_ah,nominal_capacity_ah,soh_pct,soh_first_cycle_pct,eol_cycle_80,rul_80,eol_cycle_70,rul_70
B0005,1,2008-04-02T15:25:41,24.0,1.43205,0.22071,-0.84044,0.51192,0.21918,0.31157,-0.49602,0.09043,0.57476,-0.28571,0.18939,-0.16292,-0.68571,-0.625,0.25926,-0.69341,0.26415,-0.54545,-0.3037,-0.60412,-0.84253,-0.66625,0.80713,1.85649,2.0,92.824,100.0,75,74,125,124.0
B0005,2,2008-04-02T19:43:48,24.0,1.38965,0.10526,-0.76053,0.40225,0.10274,0.37843,-0.38707,0.00696,0.46602,-0.55133,-0.00617,-0.15736,-0.22857,0.75,0.94444,-0.60172,0.9434,-0.52244,-0.18519,-0.746,-0.88916,-0.74196,0.79274,1.84633,2.0,92.316,99.453,75,73,125,123.0
B0005,3,2008-04-03T00:01:06,24.0,1.34058,-0.0034,-0.66568,0.6827,-0.00685,0.43548,-0.69313,-0.50087,0.33981,0.1438,-0.08575,-0.15181,-0.15238,-0.125,1.0,-0.69341,1.01887,-0.6191,-0.25185,-0.86499,-0.92187,-0.80252,0.77339,1.83535,2.0,91.767,98.861,75,72,125,122.0
B0005,4,2008-04-03T04:16:37,24.0,1.29299,0.01698,-0.71189,0.42696,0.0137,0.43548,-0.41985,-0.13913,0.43689,-0.53689,-0.10672,-0.19778,0.11429,-0.125,0.85185,-0.59026,0.86792,-0.64672,-0.34815,-0.85126,-0.90238,-0.79243,0.77289,1.83526,2.0,91.763,98.857,75,71,125,121.0
B0005,5,2008-04-03T08:33:25,24.0,1.28732,0.0034,-0.74212,0.22974,0.0,0.423,-0.21027,0.13913,0.48738,-1.01162,-0.14497,-0.2003,-0.45714,0.0,0.61111,-0.62464,0.62264,-0.68815,-0.44444,-0.83753,-0.89473,-0.78107,0.77124,1.83465,2.0,91.732,98.823,75,70,125,120.0
B0005,6,2008-04-03T12:55:10,24.0,1.3421,0.03735,-0.75324,0.11487,0.03425,0.41409,-0.08563,0.32,0.47573,-1.18367,-0.16039,-0.15332,0.0,0.5,0.61111,-0.7106,0.60377,-0.65132,-0.40741,-0.79634,-0.89473,-0.75457,0.77447,1.83566,2.0,91.783,98.878,75,69,125,119.0
B0005,7,2008-04-03T17:17:16,24.0,1.33866,0.01019,-0.78311,-0.02818,0.00685,0.41141,0.06486,0.54261,0.52233,-1.51837,-0.2116,-0.15332,0.15238,0.375,0.72222,-0.6533,0.73585,-0.6191,-0.37037,-0.79176,-0.89264,-0.75079,0.77428,1.83515,2.0,91.757,98.85,75,68,125,118.0
B0005,8,2008-04-03T21:28:14,24.0,1.15288,0.04414,-0.70494,0.74036,0.0411,0.52819,-0.7513,-0.51478,0.5068,0.08728,-0.23751,-0.29225,-0.15238,0.3125,0.96296,-0.38968,0.98113,-0.75719,-0.42222,-0.99314,-0.917,-0.83659,0.76039,1.82576,2.0,91.288,98.345,75,67,125,117.0
B0005,9,2008-04-04T01:38:15,24.0,1.10106,0.05093,-0.77026,0.47464,0.04795,0.51749,-0.4674,-0.15304,0.63883,-0.64992,-0.25787,-0.34125,-0.8381,2.3125,0.83333,-0.2235,0.83019,-0.75259,-0.46667,-0.95195,-0.88359,-0.81136,0.75646,1.82477,2.0,91.239,98.292,75,66,125,116.0
B0005,10,2008-04-04T05:48:08,24.0,1.10262,0.06452,-0.80153,0.25358,0.06164,0.50234,-0.23104,0.13913,0.68932,-1.16358,-0.24491,-0.33923,0.0381,0.8125,0.7037,-0.23496,0.69811,-0.75259,-0.51852,-0.92449,-0.87106,-0.79621,0.75494,1.82461,2.0,91.231,98.283,75,65,125,115.0
B0005,11,2008-04-04T09:57:19,24.0,1.05285,0.04414,-0.87831,-0.09536,0.0411,0.4854,0.13872,0.58435,0.83883,-2.08854,-0.24614,-0.38873,0.0381,0.5625,0.46296,-0.06877,0.45283,-0.74799,-0.60741,-0.85584,-0.82582,-0.75205,0.75234,1.82462,2.0,91.231,98.283,75,64,125,114.0
B0005,12,2008-04-04T17:56:27,24.0,0.95986,0.11205,-0.77443,0.67274,0.10959,0.57901,-0.67467,-0.40348,0.73398,-0.30769,-0.29611,-0.43723,-0.26667,0.4375,1.01852,0.08596,1.03774,-0.75719,-0.45926,-1.00229,-0.85923,-0.82145,0.73655,1.8142,2.0,90.71,97.722,75,63,125,113.0
B0005,13,2008-04-04T22:01:54,24.0,0.9107,0.07131,-0.8592,0.33853,0.06849,0.56385,-0.32152,-0.00696,0.89709,-1.20942,-0.2955,-0.48573,-0.07619,0.125,1.01852,0.29799,1.01887,-0.72957,-0.48889,-0.97025,-0.8293,-0.80883,0.73293,1.81375,2.0,90.688,97.698,75,62,125,112.0
B0005,14,2008-04-05T02:20:26,24.0,0.91003,0.03735,-0.88318,0.13264,0.03425,0.54246,-0.10456,0.22261,0.93398,-1.69545,-0.27822,-0.48522,0.15238,0.375,0.48148,0.24642,0.49057,-0.75719,-0.60741,-0.86957,-0.78406,-0.74322,0.72989,1.81344,2.0,90.672,97.681,75,61,125,111.0
B0005,15,2008-04-05T06:25:01,24.0,0.86334,0.05772,-0.72961,0.86779,0.05479,0.60486,-0.88609,-0.7513,0.7165,0.17834,-0.27761,-0.48169,-1.21905,-0.25,0.51852,0.05158,0.50943,-0.89988,-0.6963,-1.02059,-0.83417,-0.8265,0.71067,1.8026,2.0,90.13,97.097,75,60,125,110.0
B0005,16,2008-04-05T10:30:32,24.0,0.81382,0.06452,-0.80257,0.63156,0.06164,0.59416,-0.63405,-0.46609,0.86408,-0.49168,-0.27514,-0.53423,-0.07619,0.875,0.25926,0.21203,0.24528,-0.90449,-0.77778,-0.9611,-0.79102,-0.79495,0.70706,1.80211,2.0,90.105,97.071,75,59,125,109.0
B0005,17,2008-04-05T14:34:41,24.0,0.76658,0.04414,-0.89742,0.3446,0.0411,0.58346,-0.32983,-0.11826,1.04854,-1.29482,-0.28933,-0.58777,-0.11429,-0.5,0.31481,0.45845,0.32075,-0.84925,-0.77037,-0.91991,-0.75761,-0.77476,0.70617,1.80258,2.0,90.129,97.096,75,58,125,108.0
B0005,18,2008-04-05T18:39:25,24.0,0.7214,0.03735,-1.00617,-0.00087,0.03425,0.57277,0.03716,0.27826,1.25631,-2.27504,-0.28563,-0.64082,-0.72381,-1.3125,0.35185,0.72206,0.35849,-0.7756,-0.74815,-0.85584,-0.71237,-0.7571,0.70471,1.80307,2.0,90.153,97.123,75,57,125,107.0
B0005,19,2008-04-05T22:46:35,24.0,0.72107,0.07131,-1.02389,-0.16775,0.06849,0.56207,0.21766,0.47304,1.28932,-2.65306,-0.28624,-0.64031,-0.30476,0.375,0.31481,0.76791,0.32075,-0.74338,-0.74815,-0.81465,-0.69428,-0.73438,0.70268,1.80278,2.0,90.139,97.107,75,56,125,106.0
B0005,20,2008-04-18T21:10:19,24.0,1.19858,-0.04414,-0.90472,0.59688,-0.04795,0.50947,-0.6045,-0.03478,0.78447,-0.57896,-0.28439,-0.34782,-0.22857,2.6875,0.68519,-0.29226,0.67925,-0.78941,-0.45185,-0.95195,-0.91491,-0.82902,0.80853,1.84703,2.0,92.351,99.49,75,55,125,105.0
B0005,21,2008-04-19T02:29:09,24.0,1.10511,-0.04414,-1.04612,0.03641,-0.04795,0.51482,-0.00716,0.66087,1.06214,-2.0854,-0.31462,-0.44582,0.0,-0.0625,1.35185,0.36103,1.37736,-0.54085,-0.20741,-0.86957,-0.84949,-0.75836,0.80859,1.84742,2.0,92.371,99.511,75,54,125,104.0
B0005,22,2008-04-19T07:47:15,24.0,1.056,-0.05772,-0.90958,0.53359,-0.06164,0.55226,-0.53803,-0.1113,0.87767,-0.81758,-0.30598,-0.44127,-0.22857,0.5,0.7037,0.0745,0.71698,-0.7618,-0.48889,-0.92449,-0.85714,-0.78233,0.78557,1.83618,2.0,91.809,98.906,75,53,125,103.0
B0005,23,2008-04-19T13:01:42,24.0,0.96434,-0.06452,-0.82967,0.86563,-0.06849,0.59327,-0.89163,-0.6887,0.80583,0.00628,-0.28069,-0.48876,0.07619,1.3125,0.05556,0.03438,0.0566,-0.9183,-0.73333,-0.92449,-0.82652,-0.77098,0.76318,1.82578,2.0,91.289,98.346,75,52,125,102.0
B0005,24,2008-04-19T18:27:29,24.0,1.00862,-0.05772,-0.83141,0.5609,-0.06164,0.55048,-0.56665,-0.27826,0.78252,-0.64678,-0.2739,-0.43824,-0.38095,1.0625,-0.25926,-0.13181,-0.26415,-0.9183,-0.80741,-0.85126,-0.80981,-0.7306,0.75868,1.82511,2.0,91.256,98.31,75,51,125,101.0
B0005,25,2008-04-19T23:41:55,24.0,0.81982,-0.03735,-1.09094,0.02904,-0.0411,0.5692,0.00115,0.26435,1.32233,-2.34537,-0.27946,-0.64435,0.0381,-0.25,-0.2963,0.61318,-0.32075,-0.86766,-0.88889,-0.78719,-0.71724,-0.71924,0.75589,1.82558,2.0,91.279,98.335,75,50,125,100.0
B0005,26,2008-04-20T04:54:41,24.0,0.81787,0.0034,-0.84148,0.82618,0.0,0.61734,-0.84547,-0.76522,0.92039,-0.12119,-0.2739,-0.58929,-0.26667,0.875,-0.46296,0.25215,-0.4717,-1.00575,-0.95556,-0.8833,-0.75761,-0.747,0.73509,1.81403,2.0,90.702,97.713,75,49,125,99.0
B0005,27,2008-04-20T10:16:28,24.0,0.77353,-0.06452,-1.00061,0.22844,-0.06849,0.57722,-0.2135,-0.0487,1.20388,-1.7551,-0.25787,-0.64183,-3.2,-0.375,-0.7037,0.5043,-0.71698,-0.94591,-1.02222,-0.7643,-0.6901,-0.69905,0.73147,1.81477,2.0,90.738,97.753,75,48,125,98.0
B0005,28,2008-04-20T15:37:05,24.0,0.76945,-0.04414,-1.03222,-0.10013,-0.04795,0.55226,0.13733,0.33391,1.26019,-2.55699,-0.25416,-0.64233,-0.41905,-1.0625,-0.81481,0.55587,-0.83019,-0.90909,-1.04444,-0.70481,-0.66087,-0.67508,0.72691,1.81397,2.0,90.698,97.71,75,47,125,97.0
B0005,29,2008-04-20T20:50:38,24.0,0.76952,-0.01019,-0.79562,0.72388,-0.0137,0.60218,-0.73745,-0.69565,0.87573,-0.27881,-0.2591,-0.58676,-0.34286,1.3125,-0.72222,0.24642,-0.75472,-0.99655,-1.02963,-0.81007,-0.7082,-0.70662,0.70737,1.80277,2.0,90.138,97.106,75,46,125,96.0
B0005,30,2008-04-21T02:15:02,24.0,0.72685,-0.03735,-0.93077,0.20546,-0.0411,0.57277,-0.18719,-0.06957,1.12233,-1.70173,-0.2554,-0.63981,0.11429,-0.625,-0.72222,0.55587,-0.73585,-0.90909,-1.02222,-0.72311,-0.65391,-0.67129,0.70604,1.80408,2.0,90.204,97.177,75,45,125,95.0
B0005,31,2008-04-22T15:33:49,24.0,0.91162,0.87267,-0.93738,0.58301,0.87671,0.55672,-0.52741,-0.70957,1.08738,-0.64678,-0.53362,-0.6777,-0.19048,-0.5625,-0.75926,0.48138,-0.77358,-0.78481,-0.78519,-0.59039,-0.66295,-0.63975,0.81519,1.8518,2.0,92.59,99.748,75,44,125,94.0
B0005,32,2008-04-22T20:26:18,24.0,0.77756,0.7708,-0.89985,0.59341,0.77397,0.59773,-0.54495,-0.79304,1.1068,-0.69137,-0.64343,-0.72468,-0.8,-0.3125,0.01852,0.74499,0.01887,-0.771,-0.66667,-0.76888,-0.69358,-0.78612,0.77035,1.8307,2.0,91.535,98.611,75,43,125,93.0
B0005,33,2008-04-23T01:18:11,24.0,0.73278,0.79117,-0.82689,0.69571,0.79452,0.59684,-0.65297,-0.95304,1.01748,-0.36735,-0.62307,-0.72165,-0.15238,0.125,-0.33333,0.60745,-0.35849,-0.85386,-0.83704,-0.75973,-0.67339,-0.80126,0.74505,1.8199,2.0,90.995,98.029,75,42,125,92.0
B0005,34,2008-04-23T06:18:19,24.0,0.71092,0.73684,-0.72857,0.78283,0.73973,0.57811,-0.74945,-1.09217,0.86602,-0.05275,-0.58976,-0.69134,-1.21905,0.0625,-1.2037,0.34384,-1.22642,-1.06099,-1.11852,-0.75515,-0.66226,-0.75584,0.71866,1.80931,2.0,90.465,97.459,75,41,125,91.0
B0005,35,2008-04-23T11:08:00,24.0,0.66871,0.79796,-0.77651,0.52709,0.80137,0.55939,-0.47294,-0.77217,0.9767,-0.66688,-0.59284,-0.7171,0.15238,3.625,-1.14815,0.44699,-1.16981,-1.03797,-1.16296,-0.746,-0.64277,-0.77855,0.70528,1.80461,2.0,90.23,97.206,75,40,125,90.0
B0005,36,2008-04-23T16:06:25,24.0,0.6689,0.77759,-0.70147,0.71088,0.78082,0.57811,-0.67051,-0.97391,0.85049,-0.19592,-0.61505,-0.69033,-1.40952,-0.1875,-0.38889,0.59599,-0.41509,-0.84005,-0.8,-0.73684,-0.63859,-0.73565,0.69634,1.79938,2.0,89.969,96.924,75,39,125,89.0
B0005,37,2008-04-23T21:02:58,24.0,0.64626,0.74363,-0.59515,0.8821,0.74658,0.57277,-0.85516,-1.20348,0.68544,0.30204,-0.59408,-0.65951,-0.11429,0.5625,-0.7963,0.31519,-0.81132,-0.96433,-0.98519,-0.75515,-0.63929,-0.73817,0.67033,1.78844,2.0,89.422,96.335,75,38,125,88.0
B0005,38,2008-04-24T01:51:33,24.0,0.6007,0.79796,-0.6299,0.72518,0.80137,0.55405,-0.6839,-1.0087,0.7767,-0.10487,-0.57495,-0.68477,-0.34286,-0.3125,-1.25926,0.37822,-1.28302,-0.96433,-1.1037,-0.64531,-0.57247,-0.69022,0.65518,1.78292,2.0,89.146,96.037,75,37,125,87.0
B0005,39,2008-04-24T06:50:00,24.0,0.58117,0.74363,-0.53748,0.88817,0.74658,0.54691,-0.86117,-1.22435,0.62913,0.35165,-0.54596,-0.65547,-0.68571,0.4375,-1.68519,0.24069,-1.73585,-1.08861,-1.22222,-0.66362,-0.57317,-0.63849,0.63165,1.77303,2.0,88.652,95.505,75,36,125,86.0
B0005,40,2008-04-24T11:49:24,24.0,0.5573,0.75722,-0.63615,0.51322,0.76027,0.52106,-0.46093,-0.73043,0.81165,-0.6179,-0.55336,-0.68527,-0.57143,0.25,-1.38889,0.55587,-1.41509,-0.81243,-1.04444,-0.46224,-0.47155,-0.57035,0.62905,1.77304,2.0,88.652,95.505,75,35,125,85.0
B0005,41,2008-04-24T16:45:56,24.0,0.55884,0.7708,-0.56771,0.73385,0.77397,0.5478,-0.69498,-0.97391,0.69709,-0.04772,-0.59716,-0.65547,-0.22857,-0.125,-0.31481,0.76218,-0.32075,-0.65132,-0.64444,-0.56751,-0.52027,-0.59558,0.62074,1.76787,2.0,88.394,95.227,75,34,125,84.0
B0005,42,2008-04-24T21:38:11,24.0,0.53512,0.76401,-0.54755,0.74729,0.76712,0.5478,-0.70975,-0.96,0.67573,0.00251,-0.60271,-0.65395,-0.41905,0.0625,0.12963,0.80802,0.13208,-0.59609,-0.52593,-0.61785,-0.53489,-0.64353,0.60799,1.76232,2.0,88.116,94.927,75,33,125,83.0
B0005,43,2008-04-25T12:03:44,24.0,0.572,0.39728,-0.59793,0.82358,0.39726,0.57187,-0.81593,-0.68174,0.7068,0.33532,-0.16595,-0.63122,0.11429,-0.75,-0.37037,0.72779,-0.37736,-0.7664,-0.84444,-0.66819,-0.57108,-0.60694,0.61934,1.76762,2.0,88.381,95.213,75,32,125,82.0
B0005,44,2008-04-25T20:03:55,24.0,0.53571,0.8455,-0.51385,0.65366,0.84932,0.52195,-0.6045,-0.84174,0.62524,-0.2179,-0.56878,-0.65345,-2.17143,0.4375,-0.66667,0.53868,-0.67925,-0.87227,-0.9037,-0.70023,-0.57178,-0.69905,0.6052,1.76267,2.0,88.133,94.946,75,31,125,81.0
B0005,45,2008-04-26T01:04:35,24.0,0.49089,0.73684,-0.48328,0.71955,0.73973,0.50056,-0.68205,-0.93217,0.59223,-0.04019,-0.5219,-0.64991,-0.30476,-0.6875,-1.55556,0.42407,-1.58491,-0.94131,-1.15556,-0.5492,-0.48547,-0.60946,0.57717,1.75173,2.0,87.587,94.357,75,30,125,80.0
B0005,46,2008-04-26T05:57:35,24.0,0.4486,0.75722,-0.44194,0.85956,0.76027,0.50323,-0.82977,-1.09217,0.54951,0.32465,-0.51265,-0.6484,0.0,-0.5625,-1.75926,0.36103,-1.79245,-0.97814,-1.22222,-0.53089,-0.46041,-0.60063,0.55446,1.74185,2.0,87.092,93.825,75,29,125,79.0
B0005,47,2008-04-26T10:58:25,24.0,0.42416,0.73684,-0.45097,0.76333,0.73973,0.48273,-0.72868,-0.94609,0.57864,0.08917,-0.50771,-0.64638,-0.34286,-0.125,-1.81481,0.36103,-1.84906,-0.91369,-1.2,-0.45767,-0.41657,-0.54763,0.53912,1.73609,2.0,86.805,93.515,75,28,125,78.0
B0005,48,2008-04-29T12:15:56,24.0,0.57567,0.14601,-0.96969,0.48028,0.14384,0.57901,-0.46694,-0.54261,1.3068,-1.21444,-0.7446,-0.77014,-0.22857,0.5,4.55556,2.26934,4.64151,0.25086,0.98519,-0.87414,-0.66574,-0.86309,0.68257,1.79362,2.0,89.681,96.614,75,27,125,77.0
B0005,49,2008-04-29T17:05:27,24.0,0.57646,0.79117,-0.72266,0.76983,0.79452,0.60129,-0.73191,-0.88348,0.94757,-0.09922,-0.71993,-0.71255,-0.15238,0.75,2.7963,1.61032,2.84906,-0.12658,0.34074,-0.81922,-0.64068,-0.80631,0.66184,1.78319,2.0,89.159,96.052,75,26,125,76.0
B0005,50,2008-04-29T22:00:04,24.0,0.51082,0.75722,-0.64692,0.7798,0.76027,0.56563,-0.74484,-0.93913,0.86019,-0.00691,-0.65083,-0.70851,-2.4,-0.3125,1.2037,1.27221,1.20755,-0.45339,-0.22963,-0.74142,-0.58222,-0.76215,0.62074,1.76736,2.0,88.368,95.199,75,25,125,75.0
B0005,51,2008-04-30T02:43:55,24.0,0.46811,0.73005,-0.64379,0.59168,0.73288,0.5273,-0.54634,-0.71652,0.87961,-0.45086,-0.60025,-0.70548,-0.22857,0.625,0.31481,1.12894,0.32075,-0.55926,-0.51852,-0.63158,-0.51401,-0.67886,0.59258,1.75702,2.0,87.851,94.642,75,24,125,74.0
B0005,52,2008-04-30T07:41:42,24.0,0.4481,0.75722,-0.54755,0.73082,0.76027,0.51304,-0.69221,-0.88348,0.7301,-0.02512,-0.55768,-0.67568,-0.41905,0.875,-0.31481,0.88252,-0.32075,-0.71577,-0.71852,-0.63158,-0.50635,-0.63596,0.56765,1.74687,2.0,87.344,94.095,75,23,125,73.0
B0005,53,2008-04-30T12:28:49,24.0,0.42568,0.7708,-0.57743,0.51365,0.77397,0.48808,-0.46047,-0.5913,0.79806,-0.56075,-0.55953,-0.67517,0.11429,-0.25,-0.31481,0.95702,-0.33962,-0.57307,-0.68148,-0.4897,-0.43049,-0.56656,0.55339,1.74172,2.0,87.086,93.818,75,22,125,72.0
B0005,54,2008-04-30T17:20:16,24.0,0.4267,0.75042,-0.5347,0.52579,0.75342,0.48629,-0.47478,-0.57739,0.72233,-0.50298,-0.56508,-0.64638,-1.67619,-0.4375,0.27778,1.15186,0.26415,-0.43038,-0.4,-0.4897,-0.43188,-0.52114,0.54172,1.73642,2.0,86.821,93.533,75,21,125,71.0
B0005,55,2008-04-30T22:14:54,24.0,0.40655,0.72326,-0.46313,0.58257,0.72603,0.46668,-0.53664,-0.63304,0.60971,-0.32151,-0.53362,-0.61556,-0.53333,0.25,-0.12963,0.82521,-0.13208,-0.55466,-0.6,-0.51716,-0.43536,-0.57035,0.51647,1.72632,2.0,86.316,92.989,75,20,125,70.0
B0005,56,2008-05-01T03:15:33,24.0,0.38522,0.68251,-0.38461,0.74166,0.68493,0.46222,-0.70929,-0.84174,0.48544,0.09859,-0.51511,-0.58474,-0.07619,0.0625,-0.40741,0.68195,-0.41509,-0.6099,-0.68148,-0.50343,-0.42074,-0.5489,0.49174,1.71581,2.0,85.79,92.422,75,19,125,69.0
B0005,57,2008-05-01T08:16:03,24.0,0.36194,0.73005,-0.37974,0.67664,0.73288,0.4435,-0.63681,-0.71652,0.49515,-0.0697,-0.49784,-0.58373,-0.30476,-0.1875,-0.64815,0.73926,-0.66038,-0.6145,-0.74074,-0.44851,-0.38524,-0.50599,0.47747,1.71053,2.0,85.527,92.138,75,18,125,68.0
B0005,58,2008-05-01T13:14:24,24.0,0.36519,0.74363,-0.35369,0.64499,0.74658,0.43459,-0.60265,-0.66087,0.44854,-0.1394,-0.49599,-0.55595,-0.22857,2.0,-0.42593,0.79656,-0.43396,-0.47181,-0.56296,-0.36156,-0.34488,-0.42145,0.46675,1.70601,2.0,85.301,91.895,75,17,125,67.0
B0005,59,2008-05-01T18:11:10,24.0,0.34141,0.74363,-0.33805,0.70264,0.74658,0.44261,-0.66313,-0.67478,0.43689,0.0,-0.52807,-0.55342,-1.44762,0.0625,0.51852,0.94556,0.5283,-0.37514,-0.31111,-0.49886,-0.39916,-0.5388,0.45464,1.70031,2.0,85.016,91.588,75,16,125,66.0
B0005,60,2008-05-01T23:10:15,24.0,0.34063,0.75042,-0.31964,0.5713,0.75342,0.41052,-0.52325,-0.49391,0.40583,-0.31523,-0.50278,-0.52311,-0.07619,2.0,0.14815,0.75645,0.15094,-0.40276,-0.42963,-0.43021,-0.36784,-0.49085,0.4384,1.69458,2.0,84.729,91.279,75,15,125,65.0
B0005,61,2008-05-02T03:53:34,24.0,0.2996,0.7708,-0.28107,0.71001,0.77397,0.41319,-0.66959,-0.64696,0.36505,0.00314,-0.48735,-0.52008,-3.92381,0.4375,-0.07407,0.70487,-0.09434,-0.49022,-0.51111,-0.46224,-0.36576,-0.47697,0.41608,1.6849,2.0,84.245,90.758,75,14,125,64.0
B0005,62,2008-05-02T08:44:40,24.0,0.30138,0.75722,-0.18588,0.86996,0.76027,0.40874,-0.84085,-0.88348,0.19806,0.427,-0.45096,-0.46097,-0.41905,-0.125,-0.46296,0.45272,-0.49057,-0.51323,-0.62222,-0.39359,-0.33304,-0.45426,0.39153,1.67447,2.0,83.724,90.196,75,13,125,63.0
B0005,63,2008-05-02T13:43:05,24.0,0.27853,0.73005,-0.25745,0.62722,0.73288,0.3811,-0.58419,-0.50087,0.33398,-0.19341,-0.46083,-0.48825,-2.4381,2.625,-0.2037,0.80229,-0.20755,-0.35213,-0.44444,-0.29748,-0.27875,-0.34826,0.38931,1.67457,2.0,83.728,90.201,75,12,125,62.0
B0005,64,2008-05-02T19:07:48,24.0,0.25847,0.64856,-0.17928,0.82922,0.65068,0.38823,-0.80485,-0.70957,0.20194,0.319,-0.47625,-0.45441,0.11429,1.0625,0.44444,0.49857,0.45283,-0.48562,-0.4963,-0.59039,-0.40891,-0.55647,0.36471,1.66372,2.0,83.186,89.616,75,11,125,61.0
B0005,65,2008-05-02T23:24:17,24.0,0.25892,0.88625,-0.16468,0.84872,0.89041,0.39626,-0.809,-0.76522,0.19612,0.38242,-0.46514,-0.42713,-0.26667,-0.3125,0.25926,0.6533,0.26415,-0.33372,-0.3037,-0.38902,-0.31355,-0.39874,0.35564,1.65901,2.0,82.951,89.363,75,10,125,60.0
B0005,66,2008-05-03T04:13:08,24.0,0.23757,0.75042,-0.18414,0.63069,0.75342,0.34633,-0.5865,-0.43826,0.23107,-0.16703,-0.42628,-0.42511,-1.06667,-0.625,-0.11111,0.67622,-0.13208,-0.3015,-0.37778,-0.27002,-0.24743,-0.31798,0.3387,1.65385,2.0,82.693,89.085,75,9,125,59.0
B0005,67,2008-05-03T09:10:19,24.0,0.2142,0.72326,-0.11743,0.84742,0.72603,0.35257,-0.81916,-0.74435,0.12621,0.33658,-0.4016,-0.39177,-0.68571,0.0,-0.38889,0.48711,-0.39623,-0.38435,-0.46667,-0.28375,-0.24187,-0.31041,0.31308,1.64265,2.0,82.133,88.482,75,8,125,58.0
B0005,68,2008-05-03T14:04:34,24.0,0.19322,0.6961,-0.13585,0.71521,0.69863,0.32494,-0.67975,-0.5287,0.16699,0.01319,-0.40284,-0.39025,0.15238,-0.5,-0.38889,0.55014,-0.41509,-0.33372,-0.45185,-0.23341,-0.20915,-0.27382,0.29957,1.63786,2.0,81.893,88.223,75,7,125,57.0
B0005,69,2008-05-03T18:58:13,24.0,0.19353,0.72326,-0.10944,0.74252,0.72603,0.32137,-0.70744,-0.55652,0.12427,0.10549,-0.39173,-0.36044,-1.14286,0.9375,-0.27778,0.51576,-0.28302,-0.3015,-0.38519,-0.22426,-0.20637,-0.26246,0.28746,1.63274,2.0,81.637,87.948,75,6,125,56.0
B0005,70,2008-05-03T23:42:30,24.0,0.17305,0.7708,-0.11986,0.64413,0.77397,0.30176,-0.59942,-0.37565,0.15728,-0.10926,-0.37384,-0.35741,-0.60952,0.375,-0.2037,0.5616,-0.22642,-0.26007,-0.35556,-0.20595,-0.18688,-0.24353,0.27439,1.62775,2.0,81.388,87.679,75,5,125,55.0
B0005,71,2008-05-04T04:41:40,24.0,0.14875,0.71647,-0.12195,0.59254,0.71918,0.28037,-0.54818,-0.27826,0.17087,-0.23171,-0.37138,-0.35539,0.0,1.1875,-0.27778,0.59026,-0.28302,-0.21864,-0.35556,-0.15103,-0.1486,-0.2082,0.25917,1.62213,2.0,81.106,87.376,75,4,125,54.0
B0005,72,2008-05-04T09:40:11,24.0,0.14937,0.73684,-0.03683,0.87473,0.73973,0.30176,-0.84732,-0.6887,0.02136,0.41005,-0.35657,-0.29528,-0.8381,0.4375,-0.33333,0.33238,-0.33962,-0.28769,-0.37778,-0.20137,-0.17435,-0.23091,0.23628,1.61133,2.0,80.566,86.794,75,3,125,53.0
B0005,73,2008-05-04T14:38:13,24.0,0.12912,0.6961,-0.05316,0.74729,0.69863,0.27413,-0.71391,-0.48,0.05825,0.1168,-0.34115,-0.29275,-1.44762,0.0625,-0.37037,0.38968,-0.37736,-0.23705,-0.35556,-0.14188,-0.13677,-0.19054,0.22277,1.60656,2.0,80.328,86.538,75,2,125,52.0
B0005,74,2008-05-04T19:37:07,24.0,0.10796,0.70968,-0.06601,0.63242,0.71233,0.24827,-0.59111,-0.29217,0.09515,-0.1168,-0.32943,-0.29022,0.0381,0.4375,-0.37037,0.43553,-0.39623,-0.21404,-0.34815,-0.11899,-0.11449,-0.16278,0.20888,1.60151,2.0,80.076,86.266,75,1,125,51.0
B0005,75,2008-05-05T00:35:53,24.0,0.08494,0.71647,-0.00486,0.88643,0.71918,0.2661,-0.86117,-0.64,0.0,0.43454,-0.29056,-0.25587,-0.38095,1.125,-0.48148,0.24642,-0.49057,-0.27848,-0.38519,-0.15561,-0.12145,-0.1817,0.18465,1.59037,2.0,79.518,85.665,75,0,125,50.0
B0005,76,2008-05-05T05:28:13,24.0,0.08544,0.71647,-0.00591,0.75336,0.71918,0.23579,-0.71991,-0.43826,0.0,0.15761,-0.2955,-0.22809,-0.53333,0.75,-0.57407,0.21203,-0.58491,-0.24166,-0.39259,-0.09611,-0.09361,-0.14132,0.17146,1.58579,2.0,79.289,85.419,75,0,125,49.0
B0005,77,2008-05-05T11:41:31,24.0,0.08437,0.81834,-0.01077,0.66537,0.82192,0.20637,-0.61881,-0.24348,0.01942,0.02198,-0.25848,-0.22556,-0.0381,0.0,-0.51852,0.13181,-0.54717,-0.33372,-0.48148,-0.20137,-0.14442,-0.20946,0.1662,1.58494,2.0,79.247,85.373,75,0,125,48.0
B0005,78,2008-05-05T20:40:08,24.0,0.08245,0.87267,-0.07678,0.77937,0.87671,0.25719,-0.73606,-0.38261,0.14369,0.29765,-0.34423,-0.28719,-0.0381,0.875,0.51852,0.52149,0.5283,-0.1496,-0.1037,-0.2746,-0.17922,-0.28013,0.19664,1.59553,2.0,79.776,85.943,75,0,125,47.0
B0005,79,2008-05-06T01:38:46,24.0,0.04209,0.67572,0.00382,0.84482,0.67808,0.21618,-0.81962,-0.52174,0.00388,0.39498,-0.25787,-0.21899,0.0381,0.3125,-0.68519,0.04585,-0.71698,-0.34292,-0.48889,-0.17391,-0.10962,-0.19054,0.144,1.57473,2.0,78.737,84.823,75,0,125,46.0
B0005,80,2008-05-06T06:37:06,24.0,0.02137,0.6961,0.03509,0.84265,0.69863,0.19033,-0.81593,-0.51478,-0.03883,0.37865,-0.20543,-0.18818,-0.53333,0.625,-1.44444,-0.09742,-1.4717,-0.41657,-0.68148,-0.05034,-0.04072,-0.08959,0.11838,1.5649,2.0,78.245,84.294,75,0,125,45.0
B0005,81,2008-05-06T11:25:21,24.0,0.023,0.71647,0.0403,0.78023,0.71918,0.17785,-0.74761,-0.4313,-0.0466,0.25746,-0.18754,-0.15787,-0.8381,0.5625,-1.25926,-0.05158,-1.30189,-0.31991,-0.56296,0.0,-0.01705,-0.04416,0.10576,1.55977,2.0,77.988,84.017,75,0,125,44.0
B0005,82,2008-05-06T16:23:36,24.0,0.01957,0.66893,0.00764,0.64413,0.67123,0.16448,-0.60635,-0.22957,0.00971,-0.0044,-0.20728,-0.15888,-0.22857,-0.125,-0.37037,0.28653,-0.37736,-0.05754,-0.2,0.03661,0.00383,-0.02145,0.10493,1.55948,2.0,77.974,84.002,75,0,125,43.0
B0005,83,2008-05-06T21:21:49,24.0,0.00108,0.68251,0.01529,0.71131,0.68493,0.17517,-0.67698,-0.28522,0.00777,0.15824,-0.22455,-0.15534,-1.25714,2.3125,0.25926,0.34957,0.26415,-0.01151,-0.02222,-0.07323,-0.04141,-0.09211,0.0951,1.55469,2.0,77.734,83.744,75,0,125,42.0
B0005,84,2008-05-07T02:17:25,24.0,-0.00108,0.66214,0.02224,0.58691,0.66438,0.14397,-0.54541,-0.11826,-0.00388,-0.08917,-0.21283,-0.12402,-3.35238,-0.25,0.03704,0.23496,0.03774,-0.02071,-0.08889,-0.03204,-0.01844,-0.05804,0.0788,1.54887,2.0,77.444,83.43,75,0,125,41.0
B0005,85,2008-05-07T07:04:02,24.0,-0.04474,0.73005,0.05455,0.72779,0.73288,0.14308,-0.69083,-0.27826,-0.03107,0.2022,-0.16841,-0.11594,-0.38095,1.25,-0.35185,0.08023,-0.35849,-0.13119,-0.25926,-0.04577,-0.00383,-0.08076,0.05362,1.53824,2.0,76.912,82.857,75,0,125,40.0
B0005,86,2008-05-07T12:01:49,24.0,-0.06617,0.64177,0.09311,0.81491,0.64384,0.12971,-0.79008,-0.40348,-0.09903,0.35667,-0.13263,-0.08209,-1.6,-0.1875,-0.96296,-0.14327,-0.98113,-0.25086,-0.44444,-0.00915,0.02401,-0.03407,0.02813,1.52791,2.0,76.396,82.301,75,0,125,39.0
B0005,87,2008-05-07T16:59:29,24.0,-0.06463,0.63497,0.05976,0.63199,0.63699,0.10564,-0.59573,-0.16,-0.03883,0.00314,-0.13942,-0.08462,-0.19048,0.25,-0.62963,0.11461,-0.64151,-0.04373,-0.22222,0.10984,0.08317,0.05804,0.02806,1.52853,2.0,76.426,82.334,75,0,125,38.0
B0005,88,2008-05-07T21:56:09,24.0,-0.06517,0.66214,0.09624,0.86433,0.66438,0.14397,-0.84132,-0.46609,-0.10291,0.48352,-0.1678,-0.05128,-0.30476,0.3125,0.09259,0.149,0.09434,0.03913,0.00741,0.01373,0.03515,-0.00883,0.0183,1.52265,2.0,76.132,82.018,75,0,125,37.0
B0005,89,2008-05-08T02:53:49,24.0,-0.0871,0.67572,0.10041,0.873,0.67808,0.13773,-0.84962,-0.45913,-0.09709,0.51303,-0.16595,-0.04824,-0.57143,0.8125,0.2037,0.17765,0.20755,0.06214,0.05185,0.01373,0.04489,0.00126,0.00593,1.51749,2.0,75.874,81.74,75,0,125,36.0
B0005,90,2008-05-09T12:25:07,24.0,0.21604,2.35314,0.02085,0.85696,2.36986,0.24382,-0.71806,-0.00696,0.02718,0.90738,-0.18137,-0.18414,-0.34286,-0.125,-0.12963,0.32665,-0.15094,-0.03452,-0.08889,0.00458,-0.10614,-0.0429,0.21782,1.60582,2.0,80.291,86.498,75,0,125,35.0
B0005,91,2008-05-09T20:28:09,24.0,-0.00743,0.82513,-0.08721,0.58388,0.82877,0.19122,-0.5311,-0.02783,0.21165,-0.0314,-0.34423,-0.21697,-0.57143,0.75,1.0,0.75645,1.0,0.16341,0.26667,-0.0778,-0.04002,-0.10978,0.12034,1.56385,2.0,78.192,84.237,75,0,125,34.0
B0005,92,2008-05-10T01:21:56,24.0,-0.02798,0.6893,-0.03162,0.59341,0.69178,0.16537,-0.55141,-0.09043,0.11068,0.00565,-0.28624,-0.1508,0.0381,0.0,1.01852,0.60745,1.03774,0.18642,0.27407,-0.06407,-0.02192,-0.0795,0.08134,1.54809,2.0,77.405,83.388,75,0,125,33.0
B0005,93,2008-05-10T06:18:12,24.0,-0.04758,0.6893,0.05837,0.88427,0.69178,0.18052,-0.8607,-0.52174,-0.04078,0.59215,-0.25355,-0.08563,-0.45714,0.0,0.57407,0.26934,0.56604,0.05293,0.12593,-0.08696,-0.0254,-0.0795,0.04563,1.53238,2.0,76.619,82.542,75,0,125,32.0
B0005,94,2008-05-10T11:16:04,24.0,-0.07025,0.65535,0.03579,0.60425,0.65753,0.1199,-0.56526,-0.10435,0.00971,0.02198,-0.21838,-0.08209,-0.68571,0.9375,0.14815,0.25215,0.11321,0.05754,0.02222,0.02746,0.0428,-0.00883,0.02756,1.52695,2.0,76.348,82.25,75,0,125,31.0
B0005,95,2008-05-10T16:11:56,24.0,-0.08973,0.66214,0.07921,0.7681,0.66438,0.12793,-0.73883,-0.34087,-0.05825,0.35667,-0.18754,-0.04774,-0.19048,-0.3125,-0.07407,0.10888,-0.07547,0.0069,-0.04444,0.03204,0.05533,0.00505,0.00485,1.51696,2.0,75.848,81.711,75,0,125,30.0
B0005,96,2008-05-10T21:07:54,24.0,-0.11106,0.65535,0.07296,0.69224,0.65753,0.10653,-0.65851,-0.2087,-0.03495,0.20408,-0.18322,-0.04471,-0.87619,0.625,0.03704,0.17765,0.03774,0.07135,0.01481,0.06407,0.08317,0.03785,-0.00859,1.5119,2.0,75.595,81.439,75,0,125,29.0
B0005,97,2008-05-11T02:05:21,24.0,-0.11147,0.64177,0.09103,0.70394,0.64384,0.10029,-0.6719,-0.22957,-0.06796,0.23673,-0.15916,-0.0149,-1.67619,0.8125,0.07407,0.11461,0.07547,0.08055,0.04444,0.06407,0.08248,0.03533,-0.02153,1.50656,2.0,75.328,81.151,75,0,125,28.0
B0005,98,2008-05-11T06:55:27,24.0,-0.13202,0.65535,0.08338,0.61508,0.65753,0.07889,-0.57634,-0.08348,-0.04078,0.07849,-0.15238,-0.00985,-0.45714,0.1875,0.12963,0.16046,0.13208,0.12198,0.07407,0.09153,0.10823,0.05552,-0.03479,1.50155,2.0,75.077,80.881,75,0,125,27.0
B0005,99,2008-05-11T11:52:47,24.0,-0.15425,0.6146,0.13515,0.88903,0.61644,0.10564,-0.87086,-0.48,-0.12816,0.60094,-0.13695,0.02501,-2.4,0.625,0.07407,0.01719,0.07547,0.06674,0.05185,0.05492,0.09988,0.03912,-0.05768,1.49084,2.0,74.542,80.305,75,0,125,26.0
B0005,100,2008-05-11T16:49:58,24.0,-0.15247,0.62818,0.14905,0.8834,0.63014,0.09851,-0.86394,-0.46609,-0.1534,0.58776,-0.12585,0.05633,-0.64762,-0.6875,0.14815,-0.01146,0.15094,0.10357,0.1037,0.06407,0.10475,0.053,-0.06967,1.48587,2.0,74.293,80.037,75,0,125,25.0
B0005,101,2008-05-11T21:47:12,24.0,-0.17497,0.62139,0.14801,0.85306,0.62329,0.08335,-0.83162,-0.40348,-0.13981,0.52873,-0.10611,0.06188,-0.87619,0.5625,0.12963,0.0,0.13208,0.12198,0.11111,0.09153,0.12981,0.07066,-0.08362,1.48041,2.0,74.021,79.743,75,0,125,24.0
B0005,102,2008-05-12T02:36:58,24.0,-0.19777,0.64177,0.15148,0.84872,0.64384,0.07355,-0.82562,-0.37565,-0.1301,0.54066,-0.09007,0.0634,-0.38095,0.375,0.11111,0.0,0.11321,0.12658,0.11111,0.10069,0.14651,0.08202,-0.09643,1.47521,2.0,73.76,79.462,75,0,125,23.0
B0005,103,2008-05-12T12:56:34,24.0,-0.17558,0.28862,0.08929,0.61162,0.28767,0.02986,-0.59758,-0.10435,-0.06214,0.10487,-0.10734,0.02753,-0.30476,-0.1875,0.27778,0.15473,0.28302,0.19102,0.16296,0.12357,0.14651,0.10726,-0.07512,1.4859,2.0,74.295,80.038,75,0,125,22.0
B0005,104,2008-05-12T18:59:59,24.0,-0.15636,0.98812,0.05802,0.71565,0.99315,0.10475,-0.66036,-0.13217,0.05243,0.42637,-0.1826,-0.00733,-1.67619,1.3125,1.61111,0.5043,1.62264,0.38435,0.6,-0.01373,0.06717,-0.01767,-0.04309,1.49609,2.0,74.805,80.587,75,0,125,21.0
B0005,105,2008-05-12T23:53:17,24.0,-0.19888,0.66214,0.0886,0.65106,0.66438,0.05928,-0.6142,-0.08348,-0.01165,0.23359,-0.14312,0.03157,-0.72381,0.75,1.22222,0.40115,1.24528,0.38435,0.51111,0.08238,0.13677,0.06435,-0.08311,1.4808,2.0,74.04,79.764,75,0,125,20.0
B0005,106,2008-05-13T04:35:25,24.0,-0.22133,0.66214,0.12959,0.76983,0.66438,0.06107,-0.74022,-0.25043,-0.07379,0.46217,-0.10919,0.06744,-0.64762,-0.5625,0.92593,0.21777,0.92453,0.3107,0.41481,0.08238,0.15069,0.07192,-0.10899,1.46975,2.0,73.488,79.169,75,0,125,19.0
B0005,107,2008-05-13T09:24:04,24.0,-0.28825,0.26825,0.13307,0.71695,0.26712,0.0156,-0.7116,-0.24348,-0.07961,0.27943,-0.06354,0.08007,-4.34286,2.3125,0.46296,0.12034,0.4717,0.24166,0.25185,0.12815,0.20776,0.10978,-0.14945,1.4539,2.0,72.695,78.315,75,0,125,18.0
B0005,108,2008-05-13T14:20:24,24.0,-0.24342,0.59423,0.17823,0.84092,0.59589,0.03878,-0.821,-0.36174,-0.15922,0.55447,-0.04318,0.13311,-0.41905,-0.0625,0.35185,-0.02865,0.35849,0.24626,0.27407,0.16018,0.2001,0.13123,-0.14768,1.45415,2.0,72.707,78.328,75,0,125,17.0
B0005,109,2008-05-13T19:04:20,24.0,-0.26257,0.63497,0.13411,0.62115,0.63699,0.01114,-0.58419,-0.02783,-0.06019,0.19278,-0.06477,0.10533,-0.34286,0.625,0.98148,0.26361,0.96226,0.41197,0.4963,0.16934,0.2175,0.14511,-0.14698,1.45502,2.0,72.751,78.375,75,0,125,16.0
B0005,110,2008-05-13T23:59:26,24.0,-0.26331,0.55348,0.1494,0.65323,0.55479,0.00936,-0.62389,-0.09043,-0.09709,0.23736,-0.05799,0.13968,-0.64762,0.9375,1.22222,0.25215,1.24528,0.47641,0.6,0.17391,0.2175,0.14132,-0.16074,1.44904,2.0,72.452,78.053,75,0,125,15.0
B0005,111,2008-05-14T04:55:57,24.0,-0.28403,0.60102,0.20047,0.88253,0.60274,0.02452,-0.86486,-0.38957,-0.1767,0.64867,-0.00494,0.17605,-4.91429,1.3125,0.74074,-0.04011,0.73585,0.3107,0.4,0.12815,0.20706,0.11609,-0.18459,1.43867,2.0,71.934,77.494,75,0,125,14.0
B0005,112,2008-05-14T09:52:22,24.0,-0.30747,0.58744,0.20186,0.86042,0.58904,0.00758,-0.84224,-0.35478,-0.16699,0.62355,0.01357,0.17757,-3.35238,-0.25,0.37037,-0.06877,0.35849,0.27388,0.3037,0.18764,0.24952,0.16782,-0.1981,1.43345,2.0,71.672,77.213,75,0,125,13.0
B0005,113,2008-05-14T14:35:22,24.0,-0.30752,0.60102,0.1758,0.66753,0.60274,-0.01738,-0.63589,-0.09043,-0.1165,0.29137,-0.00679,0.17808,-0.30476,0.0,0.85185,0.11461,0.84906,0.43498,0.51111,0.22883,0.2704,0.18801,-0.19956,1.4334,2.0,71.67,77.21,75,0,125,12.0
B0005,114,2008-05-14T19:31:39,24.0,-0.30735,0.5399,0.19873,0.81838,0.5411,0.00579,-0.80069,-0.30609,-0.16505,0.56201,-0.00925,0.21142,-0.53333,0.375,1.37037,0.14327,1.39623,0.50863,0.68889,0.16934,0.24047,0.14637,-0.20983,1.42806,2.0,71.403,76.923,75,0,125,11.0
B0005,115,2008-05-15T00:27:55,24.0,-0.32902,0.58065,0.20464,0.82618,0.58219,-0.00579,-0.80623,-0.29217,-0.15922,0.57959,0.00494,0.21647,-3.1619,-0.1875,1.12963,0.0745,1.15094,0.458,0.6,0.17391,0.25509,0.16278,-0.22277,1.42292,2.0,71.146,76.646,75,0,125,10.0
B0005,116,2008-05-15T05:24:04,24.0,-0.35104,0.5399,0.20568,0.76073,0.5411,-0.03254,-0.7393,-0.19478,-0.1534,0.47096,0.04935,0.22203,-0.26667,1.0,0.72222,-0.01719,0.73585,0.39816,0.46667,0.21968,0.29128,0.19937,-0.23805,1.41743,2.0,70.871,76.35,75,0,125,9.0
B0005,117,2008-05-15T10:20:03,24.0,-0.37204,0.56706,0.20985,0.73559,0.56849,-0.05304,-0.71068,-0.14609,-0.14563,0.43768,0.08513,0.22455,-1.37143,0.5625,0.31481,-0.08023,0.30189,0.35673,0.35556,0.27918,0.33304,0.24858,-0.25143,1.41241,2.0,70.62,76.08,75,0,125,8.0
B0005,118,2008-05-15T15:10:59,24.0,-0.37363,0.58744,0.18831,0.60555,0.58904,-0.06641,-0.5708,0.02087,-0.10291,0.23297,0.06169,0.22354,-0.7619,-0.4375,0.7963,0.09742,0.81132,0.49482,0.54815,0.29748,0.34488,0.26498,-0.25143,1.41258,2.0,70.629,76.089,75,0,125,7.0
B0005,119,2008-05-15T19:56:47,24.0,-0.37142,0.58065,0.21471,0.82098,0.58219,-0.02541,-0.80069,-0.27826,-0.1534,0.6135,0.03578,0.25587,-0.64762,0.375,1.55556,0.16046,1.54717,0.58688,0.79259,0.20137,0.29198,0.19432,-0.25917,1.4076,2.0,70.38,75.821,75,0,125,6.0
B0005,120,2008-05-16T16:54:59,24.0,-0.33195,0.07131,0.12786,0.71782,0.06849,-0.02897,-0.72545,-0.22957,-0.06214,0.41005,-0.02899,0.14979,-0.38095,1.1875,1.7963,0.26361,1.83019,0.4626,0.67407,0.01831,0.17574,0.07319,-0.19924,1.43339,2.0,71.67,77.21,75,0,125,5.0
B0005,121,2008-05-16T21:37:39,24.0,-0.30965,0.87267,0.11396,0.67447,0.87671,0.00669,-0.62481,-0.0487,0.02913,0.48163,-0.05305,0.14726,-3.61905,0.375,1.88889,0.38968,1.92453,0.55006,0.80741,0.08238,0.19732,0.08959,-0.18376,1.43826,2.0,71.913,77.472,75,0,125,4.0
B0005,122,2008-05-17T02:32:13,24.0,-0.35189,0.58744,0.18935,0.86389,0.58904,-0.00847,-0.84593,-0.36174,-0.1165,0.74788,0.01049,0.22051,-0.41905,1.0625,1.22222,0.02865,1.22642,0.39356,0.57037,0.09153,0.22446,0.1123,-0.23488,1.41735,2.0,70.868,76.346,75,0,125,3.0
B0005,123,2008-05-17T07:25:19,24.0,-0.37213,0.58744,0.21923,0.87863,0.58904,-0.02897,-0.86163,-0.37565,-0.16311,0.7573,0.06046,0.2584,-0.30476,0.5625,0.53704,-0.20057,0.5283,0.28769,0.35556,0.15561,0.26971,0.16278,-0.26146,1.40698,2.0,70.349,75.787,75,0,125,2.0
B0005,124,2008-05-17T12:21:15,24.0,-0.39749,0.57385,0.21888,0.80754,0.57534,-0.05572,-0.78684,-0.26435,-0.14757,0.62983,0.09192,0.26295,-0.41905,0.1875,0.2963,-0.2063,0.28302,0.3015,0.31111,0.22883,0.32121,0.21577,-0.27712,1.4012,2.0,70.06,75.476,75,0,125,1.0
B0005,125,2008-05-17T17:15:37,24.0,-0.3941,0.54669,0.22722,0.75899,0.54795,-0.07087,-0.73699,-0.2087,-0.16893,0.52998,0.12091,0.29528,-0.49524,1.8125,0.25926,-0.26361,0.24528,0.31991,0.31852,0.25629,0.33444,0.23596,-0.28898,1.3967,2.0,69.835,75.234,75,0,125,0.0
B0005,126,2008-05-17T22:10:51,24.0,-0.44007,0.5399,0.22201,0.76853,0.5411,-0.08335,-0.74761,-0.18783,-0.13204,0.57959,0.13202,0.27153,0.0,0.375,0.16667,-0.2063,0.16981,0.3107,0.3037,0.27002,0.36715,0.26372,-0.30211,1.39128,2.0,69.564,74.942,75,0,125,0.0
B0005,127,2008-05-18T03:05:19,24.0,-0.43779,0.51273,0.23104,0.72345,0.5137,-0.09762,-0.70144,-0.14609,-0.1534,0.4854,0.14004,0.30487,-0.64762,0.375,0.09259,-0.2808,0.09434,0.3153,0.28889,0.29291,0.37968,0.26877,-0.3153,1.38623,2.0,69.311,74.669,75,0,125,0.0
B0005,128,2008-05-18T08:00:50,24.0,-0.43824,0.49236,0.25015,0.75163,0.49315,-0.10386,-0.73329,-0.18783,-0.19223,0.51743,0.16286,0.33822,-0.11429,0.0,-0.12963,-0.42407,-0.13208,0.26928,0.21481,0.29748,0.38176,0.27634,-0.32963,1.38044,2.0,69.022,74.357,75,0,125,0.0
B0005,129,2008-05-18T12:44:48,24.0,-0.46088,0.56027,0.26058,0.82185,0.56164,-0.10029,-0.803,-0.25739,-0.19029,0.66813,0.18507,0.34276,-0.0381,0.3125,-0.25926,-0.44126,-0.26415,0.24166,0.17778,0.30206,0.39777,0.2877,-0.34143,1.37524,2.0,68.762,74.077,75,0,125,0.0
B0005,130,2008-05-18T17:36:29,24.0,-0.48157,0.41766,0.25015,0.71131,0.41781,-0.1306,-0.69544,-0.12522,-0.17282,0.45714,0.21345,0.34731,-0.07619,2.0,-0.24074,-0.40688,-0.24528,0.28308,0.20741,0.34325,0.42979,0.32303,-0.35456,1.37051,2.0,68.526,73.823,75,0,125,0.0
B0005,131,2008-05-18T22:31:45,24.0,-0.48074,0.51952,0.24216,0.61899,0.52055,-0.14575,-0.59019,0.01391,-0.14951,0.34223,0.22394,0.34731,-0.19048,-0.3125,-0.18519,-0.37249,-0.18868,0.32911,0.24444,0.37986,0.44789,0.34196,-0.3557,1.37051,2.0,68.525,73.823,75,0,125,0.0
B0005,132,2008-05-19T03:27:07,24.0,-0.48143,0.49915,0.26092,0.68054,0.5,-0.14486,-0.65666,-0.06957,-0.18641,0.42449,0.23257,0.38116,0.22857,0.5,-0.33333,-0.48138,-0.33962,0.29689,0.2,0.37986,0.44997,0.34574,-0.36934,1.36474,2.0,68.237,73.512,75,0,125,0.0
B0005,133,2008-05-19T15:34:33,24.0,-0.46083,-0.11205,0.22305,0.7889,0.0137,-0.1101,-0.81362,-0.32696,-0.18641,0.60408,0.15731,0.34377,0.19048,0.4375,0.98148,-0.13754,1.0,0.43959,0.57037,0.1968,0.3407,0.22839,-0.34042,1.37539,2.0,68.77,74.086,75,0,125,0.0
B0005,134,2008-05-19T20:59:48,24.0,-0.4381,0.81834,0.21298,0.86909,0.82192,-0.05483,-0.83578,-0.29217,-0.08738,0.90549,0.10302,0.30538,0.15238,0.25,1.2037,-0.03438,1.22642,0.49942,0.67407,0.20137,0.32956,0.19937,-0.31042,1.38611,2.0,69.306,74.663,75,0,125,0.0
B0005,135,2008-05-20T01:16:42,24.0,-0.46074,0.67572,0.25467,0.8795,0.67808,-0.07979,-0.85701,-0.34783,-0.16893,0.83705,0.17397,0.37611,0.07619,-0.125,0.72222,-0.24069,0.73585,0.458,0.56296,0.27918,0.38455,0.25994,-0.35101,1.36985,2.0,68.493,73.787,75,0,125,0.0
B0005,136,2008-05-20T06:12:06,24.0,-0.48131,0.50594,0.2439,0.64196,0.50685,-0.14308,-0.61512,-0.03478,-0.1534,0.41758,0.20728,0.38116,-0.11429,-0.125,0.27778,-0.29799,0.28302,0.458,0.45185,0.38902,0.45554,0.35079,-0.36807,1.36478,2.0,68.239,73.514,75,0,125,0.0
B0005,137,2008-05-20T11:07:23,24.0,-0.50399,0.51273,0.28906,0.88773,0.5137,-0.12079,-0.87686,-0.35478,-0.22718,0.81381,0.24306,0.41955,-0.7619,0.8125,-0.2963,-0.52722,-0.30189,0.31991,0.25185,0.39359,0.47085,0.3571,-0.39153,1.35432,2.0,67.716,72.951,75,0,125,0.0
B0005,138,2008-05-20T15:57:27,24.0,-0.50262,0.51952,0.27065,0.78934,0.52055,-0.12882,-0.77115,-0.22957,-0.19029,0.66122,0.22394,0.41854,0.0,-0.125,0.38889,-0.27507,0.37736,0.49942,0.52593,0.40275,0.47503,0.37098,-0.39033,1.35464,2.0,67.732,72.968,75,0,125,0.0
B0005,139,2008-05-20T20:50:39,24.0,-0.50215,0.51273,0.25432,0.64023,0.5137,-0.14932,-0.61281,-0.03478,-0.15922,0.4113,0.2227,0.41905,-0.53333,0.875,0.85185,-0.20057,0.86792,0.59148,0.67407,0.37986,0.4625,0.34448,-0.39141,1.3547,2.0,67.735,72.971,75,0,125,0.0
B0005,140,2008-05-21T01:39:38,24.0,-0.52407,0.54669,0.26544,0.6515,0.54795,-0.16269,-0.62297,-0.02783,-0.16505,0.45149,0.2517,0.42511,-0.41905,2.5,0.40741,-0.32665,0.39623,0.51323,0.51111,0.4119,0.49173,0.36593,-0.40555,1.34931,2.0,67.466,72.681,75,0,125,0.0
B0005,141,2008-05-21T06:24:27,24.0,-0.54751,0.56706,0.26996,0.59775,0.56849,-0.19122,-0.56388,0.06957,-0.15728,0.36421,0.28994,0.42965,-0.38095,0.875,-0.22222,-0.45272,-0.22642,0.41197,0.31852,0.46682,0.53628,0.41388,-0.42007,1.34419,2.0,67.209,72.405,75,0,125,0.0
B0005,142,2008-05-21T11:18:06,24.0,-0.54626,0.51952,0.28733,0.62722,0.52055,-0.19835,-0.5985,0.00696,-0.19806,0.4,0.32449,0.46199,-1.33333,0.0625,-0.59259,-0.56734,-0.60377,0.37975,0.23704,0.52632,0.56621,0.45552,-0.43314,1.33899,2.0,66.95,72.125,75,0,125,0.0
B0005,143,2008-05-21T16:10:21,24.0,-0.54633,0.52632,0.27864,0.62159,0.5274,-0.19122,-0.59204,0.00696,-0.18058,0.40628,0.3029,0.46148,-0.26667,2.0625,-0.03704,-0.38968,-0.03774,0.51784,0.45926,0.52632,0.56551,0.46688,-0.43212,1.33891,2.0,66.946,72.121,75,0,125,0.0
B0005,144,2008-05-21T21:02:09,24.0,-0.56565,0.5399,0.29358,0.75379,0.5411,-0.1725,-0.73191,-0.13913,-0.19612,0.64992,0.30907,0.46805,-1.44762,0.5,0.18519,-0.43553,0.16981,0.49022,0.47407,0.44394,0.53489,0.4,-0.44208,1.33401,2.0,66.7,71.856,75,0,125,0.0
B0005,145,2008-05-22T01:42:59,24.0,-0.56584,0.49236,0.30157,0.67013,0.49315,-0.20103,-0.64605,-0.04174,-0.21553,0.46719,0.33251,0.5029,-0.19048,0.75,-0.33333,-0.61891,-0.33962,0.40736,0.3037,0.48513,0.55716,0.43028,-0.45736,1.32864,2.0,66.432,71.568,75,0,125,0.0
B0005,146,2008-05-22T06:32:40,24.0,-0.58961,0.50594,0.31755,0.73559,0.50685,-0.20905,-0.71437,-0.09739,-0.23107,0.59215,0.38556,0.50695,-0.07619,1.625,-0.87037,-0.75072,-0.88679,0.31991,0.14074,0.53547,0.59892,0.47319,-0.47119,1.32317,2.0,66.159,71.273,75,0,125,0.0
B0005,147,2008-05-22T11:23:22,24.0,-0.58973,0.51952,0.33771,0.84092,0.52055,-0.19835,-0.82608,-0.23652,-0.2699,0.74788,0.41949,0.53978,0.0,0.375,-1.12963,-0.84241,-1.18868,0.28769,0.0963,0.56751,0.61632,0.50221,-0.48223,1.31817,2.0,65.908,71.003,75,0,125,0.0
B0005,148,2008-05-22T16:17:58,24.0,-0.58681,0.47878,0.32798,0.83485,0.47945,-0.18765,-0.82193,-0.25043,-0.25631,0.76484,0.36397,0.53877,-0.22857,1.5625,-0.42593,-0.61318,-0.43396,0.44879,0.36296,0.55378,0.60658,0.50347,-0.47994,1.31847,2.0,65.923,71.019,75,0,125,0.0
B0005,149,2008-05-22T20:59:50,24.0,-0.61094,0.53311,0.30574,0.67794,0.53425,-0.22064,-0.65159,-0.02783,-0.19417,0.54694,0.37384,0.51149,-0.99048,1.0,-0.40741,-0.57307,-0.41509,0.44879,0.34074,0.55378,0.6205,0.49338,-0.48242,1.31829,2.0,65.915,71.01,75,0,125,0.0
B0005,150,2008-05-23T12:13:16,24.0,-0.58741,-0.25467,0.28906,0.73775,-0.26027,-0.24382,-0.76884,-0.33391,-0.25437,0.5124,0.45589,0.50543,0.0,0.25,-1.11111,-0.83668,-1.13208,0.22785,0.04444,0.50343,0.57874,0.45931,-0.47202,1.32387,2.0,66.194,71.311,75,0,125,0.0
B0005,151,2008-05-23T20:14:29,24.0,-0.52509,0.87946,0.20429,0.63112,0.88356,-0.16091,-0.57819,0.0487,-0.01165,0.63234,0.24923,0.35691,-2.09524,0.75,0.09259,-0.26934,0.09434,0.40736,0.37778,0.38444,0.47781,0.35836,-0.3791,1.36012,2.0,68.006,73.263,75,0,125,0.0
B0005,152,2008-05-24T01:09:21,24.0,-0.56814,0.50594,0.26023,0.77937,0.50685,-0.16893,-0.76145,-0.22957,-0.13204,0.79309,0.30969,0.43319,-0.53333,0.4375,-0.03704,-0.4298,-0.03774,0.40736,0.37778,0.41648,0.52097,0.38612,-0.428,1.33953,2.0,66.977,72.154,75,0,125,0.0
B0005,153,2008-05-24T06:00:20,24.0,-0.58809,0.50594,0.29601,0.8756,0.50685,-0.16982,-0.86394,-0.34087,-0.19029,0.93689,0.34855,0.4731,-0.34286,1.4375,-0.37037,-0.61891,-0.37736,0.32451,0.25926,0.41648,0.5335,0.39369,-0.45331,1.32903,2.0,66.451,71.588,75,0,125,0.0
B0005,154,2008-05-24T10:42:50,24.0,-0.58764,0.55348,0.31165,0.85999,0.55479,-0.17963,-0.84455,-0.30609,-0.21748,0.89294,0.37014,0.50695,-0.15238,1.1875,-0.57407,-0.72206,-0.58491,0.3153,0.21481,0.46224,0.55646,0.41262,-0.467,1.32367,2.0,66.184,71.3,75,0,125,0.0
B0005,155,2008-05-24T15:31:10,24.0,-0.60736,0.51273,0.31373,0.81188,0.5137,-0.20103,-0.79608,-0.22957,-0.21359,0.8113,0.40037,0.5125,0.15238,0.75,-0.72222,-0.73926,-0.73585,0.3153,0.18519,0.49428,0.58778,0.45174,-0.48032,1.31863,2.0,65.932,71.028,75,0,125,0.0
B0005,156,2008-05-24T20:21:13,24.0,-0.60789,0.51273,0.33284,0.87733,0.5137,-0.19568,-0.86532,-0.32,-0.25049,0.8967,0.41024,0.54534,-0.0381,-0.25,-0.81481,-0.83095,-0.83019,0.3061,0.17037,0.50343,0.59335,0.45552,-0.49212,1.31348,2.0,65.674,70.751,75,0,125,0.0
B0005,157,2008-05-25T01:06:49,24.0,-0.63202,0.54669,0.31234,0.73819,0.54795,-0.22509,-0.71437,-0.1113,-0.19223,0.71334,0.42011,0.51806,-0.22857,1.625,-0.77778,-0.72779,-0.79245,0.33832,0.19259,0.53089,0.62328,0.48202,-0.49485,1.3132,2.0,65.66,70.736,75,0,125,0.0
B0005,158,2008-05-25T05:57:17,24.0,-0.63168,0.49915,0.33076,0.80104,0.5,-0.22153,-0.785,-0.19478,-0.23301,0.78744,0.43553,0.5509,-0.15238,0.1875,-0.90741,-0.83668,-0.92453,0.3107,0.15556,0.53547,0.62607,0.48328,-0.50728,1.3078,2.0,65.39,70.445,75,0,125,0.0
B0005,159,2008-05-25T10:51:37,24.0,-0.6528,0.47878,0.34292,0.8912,0.47945,-0.2144,-0.88194,-0.29913,-0.2466,0.94568,0.46391,0.55595,-0.72381,0.125,-0.94444,-0.83668,-0.96226,0.3015,0.14074,0.53547,0.6372,0.49085,-0.51787,1.30303,2.0,65.152,70.188,75,0,125,0.0
B0005,160,2008-05-25T15:37:08,24.0,-0.65086,0.48557,0.32659,0.74512,0.4863,-0.23847,-0.72637,-0.12522,-0.21553,0.719,0.45589,0.55645,-0.72381,0.4375,-0.81481,-0.77937,-0.83019,0.36133,0.2,0.55835,0.64973,0.51104,-0.51876,1.30336,2.0,65.168,70.206,75,0,125,0.0
B0005,161,2008-05-25T20:23:04,24.0,-0.67236,0.50594,0.30539,0.59168,0.50685,-0.26699,-0.56157,0.08348,-0.15922,0.50675,0.45342,0.52867,-0.57143,1.625,-0.74074,-0.6533,-0.75472,0.41657,0.25185,0.59954,0.68592,0.54763,-0.52047,1.30341,2.0,65.171,70.208,75,0,125,0.0
B0005,162,2008-05-26T01:13:02,24.0,-0.67426,0.49915,0.33284,0.77547,0.5,-0.24025,-0.75822,-0.14609,-0.21165,0.79686,0.45466,0.56252,0.07619,0.25,-0.64815,-0.75072,-0.67925,0.39356,0.26667,0.55835,0.66365,0.50852,-0.53138,1.29789,2.0,64.894,69.911,75,0,125,0.0
B0005,163,2008-05-26T06:01:08,24.0,-0.67328,0.53311,0.31894,0.59991,0.53425,-0.27502,-0.56849,0.07652,-0.18252,0.51491,0.48735,0.561,-0.34286,-0.125,-0.81481,-0.74499,-0.84906,0.41197,0.22963,0.61327,0.69358,0.55268,-0.53341,1.29807,2.0,64.904,69.921,75,0,125,0.0
B0005,164,2008-05-26T10:44:38,24.0,-0.69376,0.56706,0.33527,0.75553,0.56849,-0.25273,-0.73191,-0.09739,-0.19806,0.80063,0.48674,0.56555,-0.7619,0.0,-0.83333,-0.77937,-0.84906,0.37514,0.22222,0.58124,0.6901,0.53628,-0.5426,1.29346,2.0,64.673,69.673,75,0,125,0.0
B0005,165,2008-05-26T15:30:43,24.0,-0.69376,0.49915,0.35473,0.8756,0.5,-0.2349,-0.8644,-0.25739,-0.24466,0.95824,0.48859,0.60141,-1.02857,0.625,-0.72222,-0.83095,-0.73585,0.37514,0.25185,0.55378,0.67409,0.50978,-0.55408,1.288,2.0,64.4,69.379,75,0,125,0.0
B0005,166,2008-05-26T20:21:04,24.0,-0.6959,0.51952,0.34778,0.80234,0.52055,-0.25006,-0.785,-0.16,-0.22718,0.84521,0.48859,0.60091,-2.89524,0.625,-0.62963,-0.79083,-0.64151,0.41197,0.28889,0.56751,0.68453,0.52744,-0.55643,1.28745,2.0,64.373,69.349,75,0,125,0.0
B0005,167,2008-05-27T15:52:41,24.0,-0.67331,-0.2343,0.26509,0.79887,-0.23973,-0.21172,-0.83254,-0.34087,-0.15146,0.79184,0.31339,0.4928,-0.41905,-0.25,1.37037,-0.5043,1.37736,0.40736,0.54074,0.06407,0.39568,0.17413,-0.50043,1.30902,2.0,65.451,70.51,75,0,125,0.0
B0005,168,2008-05-27T20:45:42,24.0,-0.62976,0.93379,0.24598,0.69788,0.93836,-0.1725,-0.64559,0.06261,-0.0233,0.8314,0.28378,0.44734,-0.57143,1.0,1.66667,-0.59026,1.69811,0.40736,0.65926,-0.00458,0.33165,-0.00757,-0.4599,1.32508,2.0,66.254,71.376,75,0,125,0.0
B0006,1,2008-04-02T15:25:41,24.0,1.43205,-0.57385,-3.62477,-0.08062,-0.58219,0.55315,0.08102,-0.60522,4.7301,-3.45181,0.10426,-1.03082,0.26667,-0.8125,0.16667,2.13181,0.16981,-0.4626,-0.62222,-0.49428,-0.79868,-0.71041,1.21988,2.03534,2.0,101.767,100.0,63,62,109,108.0
B0006,2,2008-04-02T19:43:48,24.0,1.38965,-0.74363,-4.05663,-0.61942,-0.75342,0.59416,0.64328,-0.22957,5.41748,-5.17111,-0.0802,-1.02981,0.49524,-1.1875,0.85185,2.18338,0.84906,-0.42117,-0.51111,-0.627,-0.83974,-0.78233,1.20339,2.02514,2.0,101.257,99.499,63,61,109,107.0
B0006,3,2008-04-03T00:01:06,24.0,1.34058,-0.70968,-3.74742,-0.23364,-0.69863,0.64141,0.23474,-0.77913,5.00194,-3.71052,-0.1277,-1.02778,0.68571,-1.5,0.94444,2.04011,0.96226,-0.53625,-0.54815,-0.7643,-0.8815,-0.83912,1.18367,2.01333,2.0,100.666,98.919,63,60,109,106.0
B0006,4,2008-04-03T04:16:37,24.0,1.29299,-0.66893,-3.61296,-0.06589,-0.66438,0.65924,0.05886,-0.95304,4.84854,-3.14976,-0.16039,-1.02627,0.7619,-0.9375,0.85185,1.94842,0.86792,-0.6099,-0.61481,-0.81465,-0.88638,-0.85047,1.16052,2.01328,2.0,100.664,98.916,63,59,109,105.0
B0006,5,2008-04-03T08:33:25,24.0,1.28732,-0.6961,-4.30435,-0.92848,-0.69178,0.61645,0.97565,0.02087,5.9165,-5.91648,-0.16903,-1.02576,0.8381,-1.75,0.81481,2.02865,0.83019,-0.54545,-0.67407,-0.746,-0.85575,-0.85678,1.15158,2.00053,2.0,100.026,98.29,63,58,109,104.0
B0006,6,2008-04-03T12:55:10,24.0,1.3421,0.33616,-3.75159,-0.23884,0.33562,0.70203,0.31137,-0.64,5.08738,-3.25965,-0.14867,-1.0288,0.38095,-2.0,0.27778,1.94842,0.28302,-0.6099,-0.7037,-0.67277,-0.84392,-0.76719,1.19331,2.0139,2.0,100.695,98.947,63,57,109,103.0
B0006,7,2008-04-03T17:17:16,24.0,1.33866,0.37012,-4.30088,-0.92414,0.36986,0.67974,1.04351,0.09043,5.93398,-5.3438,-0.16903,-1.0288,0.64762,-3.0,0.44444,2.06877,0.45283,-0.51323,-0.64444,-0.61785,-0.82025,-0.75331,1.18868,2.0131,2.0,100.655,98.907,63,56,109,102.0
B0006,8,2008-04-03T21:28:14,24.0,1.15288,-0.77759,-4.00486,-0.55483,-0.78767,0.65389,0.57219,-0.54261,5.60388,-4.50298,-0.21345,-1.02374,0.57143,-1.5625,0.85185,1.97135,0.86792,-0.59148,-0.64444,-0.80092,-0.83487,-0.82524,1.08543,1.96879,2.0,98.439,96.73,63,55,109,101.0
B0006,9,2008-04-04T01:38:15,24.0,1.10106,-0.81834,-3.76305,-0.25314,-0.81507,0.6637,0.24766,-0.84174,5.27961,-3.57363,-0.20296,-1.02425,0.41905,-1.6875,0.68519,1.88539,0.69811,-0.66053,-0.6963,-0.82838,-0.83069,-0.82271,1.05968,1.96817,2.0,98.408,96.7,63,54,109,100.0
B0006,10,2008-04-04T05:48:08,24.0,1.10262,-0.7708,-4.63024,-1.33507,-0.78082,0.6111,1.40358,0.38957,6.6466,-7.04804,-0.20913,-1.02425,0.26667,-1.0,0.62963,2.03438,0.62264,-0.54085,-0.72593,-0.69108,-0.77223,-0.79369,1.0534,1.95723,2.0,97.862,96.162,63,53,109,99.0
B0006,11,2008-04-04T09:57:19,24.0,1.05285,-0.72326,-4.0945,-0.66667,-0.73288,0.64052,0.69498,-0.41043,5.86796,-4.67881,-0.20419,-1.02374,0.8,-2.375,0.40741,1.84527,0.41509,-0.69275,-0.82222,-0.78719,-0.79729,-0.80252,1.0312,1.9456,2.0,97.28,95.591,63,52,109,98.0
B0006,12,2008-04-04T17:56:27,24.0,0.95986,-0.70289,-3.79675,-0.29519,-0.70548,0.65835,0.30075,-0.70957,5.50485,-3.54662,-0.20419,-1.02223,1.02857,-1.6875,0.88889,1.95415,0.90566,-0.60529,-0.63704,-0.81922,-0.77849,-0.8,0.9837,1.93475,2.0,96.738,95.058,63,51,109,97.0
B0006,13,2008-04-04T22:01:54,24.0,0.9107,-0.82513,-3.62616,-0.08236,-0.82192,0.6628,0.06624,-0.9113,5.27961,-2.88854,-0.22085,-1.02172,0.49524,-1.25,1.18519,1.89685,1.18868,-0.65132,-0.64444,-0.93822,-0.81469,-0.853,0.95852,1.92328,2.0,96.164,94.494,63,50,109,96.0
B0006,14,2008-04-05T02:20:26,24.0,0.91003,-0.70968,-4.08825,-0.65886,-0.70548,0.63339,0.68759,-0.33391,6.03301,-4.47096,-0.20358,-1.02172,0.68571,-1.3125,0.81481,1.90831,0.83019,-0.64212,-0.73333,-0.83753,-0.77084,-0.80883,0.95427,1.91189,2.0,95.594,93.935,63,49,109,95.0
B0006,15,2008-04-05T06:25:01,24.0,0.86334,-0.75722,-4.6233,-1.3264,-0.74658,0.59149,1.39527,0.39652,6.95534,-6.5752,-0.17829,-1.02223,0.64762,-1.75,0.5,1.95415,0.49057,-0.60529,-0.81481,-0.72769,-0.70472,-0.76467,0.92453,1.90107,2.0,95.053,93.403,63,48,109,94.0
B0006,16,2008-04-05T10:30:32,24.0,0.81382,-0.86587,-4.85851,-1.61985,-0.86986,0.56207,1.7004,0.68174,7.39806,-7.47378,-0.15978,-1.02122,0.57143,-3.4375,0.14815,1.96562,0.15094,-0.59609,-0.8963,-0.627,-0.64416,-0.72303,0.89402,1.8892,2.0,94.46,92.82,63,47,109,93.0
B0006,17,2008-04-05T14:34:41,24.0,0.76658,-0.73684,-3.99236,-0.53923,-0.73288,0.60575,0.55834,-0.39652,6.05631,-3.96546,-0.16595,-1.02071,0.11429,-0.4375,0.2963,1.83954,0.30189,-0.69735,-0.88148,-0.76888,-0.68871,-0.74826,0.87481,1.87828,2.0,93.914,92.283,63,46,109,92.0
B0006,18,2008-04-05T18:39:25,24.0,0.7214,-0.80475,-4.41623,-1.06805,-0.81507,0.57366,1.11691,0.1113,6.80777,-5.49702,-0.15114,-1.0197,0.72381,-0.875,0.35185,1.91977,0.35849,-0.63291,-0.85185,-0.71396,-0.64834,-0.72681,0.84665,1.86757,2.0,93.378,91.757,63,45,109,91.0
B0006,19,2008-04-05T22:46:35,24.0,0.72107,-0.75722,-2.20516,-0.35934,-0.73973,0.56385,0.36538,-0.15304,3.16699,-3.48634,-0.13757,-0.96514,0.11429,-2.5,0.51852,1.90831,0.50943,-0.64212,-0.80741,-0.7643,-0.66991,-0.71041,0.83282,1.86759,2.0,93.379,91.758,63,44,109,90.0
B0006,20,2008-04-18T21:10:19,24.0,1.19858,-0.92699,-4.57118,-1.26138,-0.93836,0.63339,1.31448,0.13913,6.41942,-6.64992,-0.24183,-1.02425,-1.52381,-0.4375,0.59259,1.20344,0.60377,-1.20829,-1.08889,-1.34554,-1.08126,-1.14953,1.10706,1.97963,2.0,98.981,97.263,63,43,109,89.0
B0006,21,2008-04-19T02:29:09,24.0,1.10511,-0.88625,-4.03092,-0.58734,-0.89726,0.67707,0.59942,-0.61913,5.69126,-4.39058,-0.26589,-1.02324,0.8,-1.25,1.33333,1.40974,1.35849,-1.04258,-0.82222,-1.36384,-1.06038,-1.11041,1.06349,1.95755,2.0,97.877,96.178,63,42,109,88.0
B0006,22,2008-04-19T07:47:15,24.0,1.056,-0.75042,-4.51802,-1.19506,-0.76027,0.64052,1.25586,-0.00696,6.53204,-6.08414,-0.22332,-1.02172,0.8381,-1.8125,0.7037,1.27794,0.71698,-1.14845,-1.06667,-1.3135,-1.02488,-1.10662,1.03215,1.94582,2.0,97.291,95.602,63,41,109,87.0
B0006,23,2008-04-19T13:01:42,24.0,0.96434,-0.79796,-4.09763,-0.67057,-0.79452,0.64141,0.69406,-0.49391,5.97476,-4.43203,-0.18137,-1.02071,0.49524,-0.75,0.07407,1.08883,0.0566,-1.30035,-1.3037,-1.30435,-0.99287,-1.08139,0.98351,1.92425,2.0,96.212,94.542,63,40,109,86.0
B0006,24,2008-04-19T18:27:29,24.0,1.00862,0.11885,-3.88882,-0.41006,0.14384,0.67974,0.4794,-0.50087,5.66214,-3.28163,-0.16348,-1.02122,0.99048,-2.5625,-0.27778,1.06017,-0.30189,-1.32336,-1.37778,-1.24485,-0.98034,-1.03975,1.01173,1.94598,2.0,97.299,95.61,63,39,109,85.0
B0006,25,2008-04-19T23:41:55,24.0,0.81982,-0.76401,-3.57057,-0.013,-0.77397,0.63963,-0.00392,-0.97391,5.29903,-2.47598,-0.13572,-1.01869,0.72381,-2.0625,-0.31481,0.9914,-0.32075,-1.3786,-1.44444,-1.29062,-0.93927,-1.05615,0.90601,1.90141,2.0,95.07,93.42,63,38,109,84.0
B0006,26,2008-04-20T04:54:41,24.0,0.81787,-1.0017,-2.61339,-1.54183,-1.0137,0.51571,1.60762,0.89739,3.72233,-7.07881,-0.12215,-0.96413,0.91429,-1.875,-0.53704,1.19198,-0.54717,-1.21749,-1.46667,-1.08009,-0.84531,-0.96278,0.87671,1.87867,2.0,93.934,92.303,63,37,109,83.0
B0006,27,2008-04-20T10:16:28,24.0,0.77353,-0.82513,-2.37471,-0.64283,-0.80822,0.54602,0.66267,0.02087,3.39029,-4.29953,-0.08513,-0.96363,-2.24762,-1.25,-0.68519,1.03152,-0.69811,-1.34638,-1.52593,-1.16705,-0.86828,-0.96404,0.85743,1.86831,2.0,93.415,91.793,63,36,109,82.0
B0006,28,2008-04-20T15:37:05,24.0,0.76945,-0.81154,-2.05229,-0.72432,-0.82192,0.4961,0.74991,0.41043,2.86796,-4.42575,-0.06539,-0.90705,-1.25714,-0.9375,-0.7963,0.95129,-0.81132,-1.33257,-1.51852,-1.12586,-0.84949,-0.90978,0.82705,1.85602,2.0,92.801,91.19,63,35,109,81.0
B0006,29,2008-04-20T20:50:38,24.0,0.76952,-1.04244,-1.53566,-0.03511,-1.05479,0.45598,0.00023,0.0487,2.00194,-2.51994,-0.05799,-0.79894,0.60952,-0.3125,-0.75926,0.63037,-0.79245,-1.36018,-1.45926,-1.16247,-0.86619,-0.85047,0.7786,1.8452,2.0,92.26,90.658,63,34,109,80.0
B0006,30,2008-04-21T02:15:02,24.0,0.72685,-0.0034,-2.4303,-0.87646,-0.00685,0.52998,0.96734,0.55652,3.59612,-4.45651,-0.04318,-0.96211,0.64762,0.0625,-0.77778,1.18052,-0.81132,-1.2267,-1.48889,-1.02517,-0.78963,-0.88076,0.83016,1.85723,2.0,92.861,91.249,63,33,109,79.0
B0006,31,2008-04-22T15:33:49,24.0,0.91162,0.10526,-3.76896,-0.26051,0.11644,0.54424,0.31875,-0.96696,5.58447,-2.50612,-0.37754,-1.0778,0.41905,-2.8125,-0.81481,1.03725,-0.84906,-1.34177,-1.39259,-1.13043,-0.89821,-0.96151,0.96569,1.92478,2.0,96.239,94.568,63,32,109,78.0
B0006,32,2008-04-22T20:26:18,24.0,0.77756,-0.09168,-2.08564,-0.0945,-0.08904,0.52463,0.12856,-0.76522,2.9767,-2.34223,-0.45713,-1.02021,-3.2381,-0.9375,0.01852,1.05444,0.0,-1.27273,-1.23704,-1.26773,-0.91491,-1.08265,0.87601,1.88223,2.0,94.112,92.478,63,31,109,77.0
B0006,33,2008-04-23T01:18:11,24.0,0.73278,-0.12564,-1.89386,-0.39445,-0.12329,0.44974,0.4457,-0.17391,2.69709,-3.01162,-0.42196,-0.96312,0.64762,-1.9375,-0.40741,0.92264,-0.43396,-1.32336,-1.37037,-1.21739,-0.87733,-1.01451,0.82128,1.85528,2.0,92.764,91.153,63,30,109,76.0
B0006,34,2008-04-23T06:18:19,24.0,0.71092,-0.03735,-1.68748,-0.40616,-0.0411,0.38823,0.46417,0.10435,2.38252,-2.86028,-0.3541,-0.90553,0.8,-0.3125,-1.24074,0.60172,-1.26415,-1.42002,-1.59259,-1.10297,-0.81886,-0.93628,0.78043,1.83925,2.0,91.963,90.366,63,29,109,75.0
B0006,35,2008-04-23T11:08:00,24.0,0.66871,-0.29542,-1.58916,-0.75856,-0.28082,0.31157,0.82193,0.64,2.23301,-3.50644,-0.34115,-0.84744,1.14286,-0.3125,-1.22222,0.41834,-1.24528,-1.46605,-1.64444,-1.15332,-0.82721,-0.9489,0.72735,1.81854,2.0,90.927,89.348,63,28,109,74.0
B0006,36,2008-04-23T16:06:25,24.0,0.6689,-0.10526,-1.50334,-0.6684,-0.10274,0.31424,0.73883,0.66783,2.1068,-3.17614,-0.35163,-0.82167,0.72381,-0.625,-0.44444,0.71633,-0.45283,-1.18067,-1.24444,-1.06178,-0.78545,-0.8694,0.7179,1.81348,2.0,90.674,89.1,63,27,109,73.0
B0006,37,2008-04-23T21:02:58,24.0,0.64626,-0.12564,-1.32476,-0.48288,-0.12329,0.26789,0.53987,0.63304,1.82524,-2.57143,-0.30413,-0.76257,0.49524,-0.4375,-0.87037,0.49857,-0.88679,-1.30035,-1.42222,-1.08009,-0.78545,-0.83407,0.67718,1.7971,2.0,89.855,88.295,63,26,109,72.0
B0006,38,2008-04-24T01:51:33,24.0,0.6007,-0.25467,-1.28203,-0.61769,-0.24658,0.21618,0.67513,0.83478,1.77864,-2.75793,-0.2554,-0.73175,0.8381,-0.5,-1.25926,0.3553,-1.28302,-1.27733,-1.48889,-0.95195,-0.71237,-0.77476,0.6359,1.781,2.0,89.05,87.504,63,25,109,71.0
B0006,39,2008-04-24T06:50:00,24.0,0.58117,-0.1528,-1.19934,-0.61075,-0.15068,0.18141,0.67421,0.9113,1.66214,-2.58587,-0.2153,-0.70194,0.99048,-0.8125,-1.72222,0.33238,-1.79245,-1.29574,-1.59259,-0.86041,-0.66226,-0.68265,0.60983,1.77101,2.0,88.551,87.013,63,24,109,70.0
B0006,40,2008-04-24T11:49:24,24.0,0.5573,-0.1528,-1.11839,-0.43173,-0.13014,0.17072,0.48355,0.8,1.54369,-2.15008,-0.2116,-0.67365,0.60952,-0.5,-1.44444,0.26934,-1.4717,-1.18527,-1.40741,-0.8238,-0.63581,-0.6183,0.58516,1.76047,2.0,88.024,86.495,63,23,109,69.0
B0006,41,2008-04-24T16:45:56,24.0,0.55884,-0.17317,-1.01277,-0.22757,-0.17808,0.17161,0.26474,0.63304,1.36311,-1.64396,-0.23689,-0.61758,0.22857,-0.125,-0.37037,0.52722,-0.37736,-0.89988,-0.95556,-0.80549,-0.62815,-0.59811,0.56391,1.75029,2.0,87.515,85.995,63,22,109,68.0
B0006,42,2008-04-24T21:38:11,24.0,0.53512,-0.22071,-1.0013,-0.44473,-0.22603,0.13149,0.49233,0.93913,1.35728,-1.98932,-0.23072,-0.58777,0.8,-1.6875,0.07407,0.60745,0.0566,-0.84005,-0.81481,-0.85126,-0.63999,-0.61703,0.53613,1.73949,2.0,86.975,85.465,63,21,109,67.0
B0006,43,2008-04-25T12:03:44,24.0,0.572,-0.86587,-1.11005,-0.7707,-0.86986,0.14486,0.79608,1.57217,1.45825,-3.03297,0.22517,-0.62061,0.87619,-0.6875,-0.48148,0.88825,-0.49057,-0.75719,-1.06667,-0.63158,-0.55438,-0.4795,0.56632,1.75468,2.0,87.734,86.211,63,20,109,66.0
B0006,44,2008-04-25T20:03:55,24.0,0.53571,0.2275,-1.1441,-0.36107,0.23288,0.18765,0.43416,0.78609,1.63689,-1.93972,-0.20605,-0.72821,-0.11429,-0.6875,-0.72222,0.7851,-0.73585,-0.97814,-1.15556,-0.79176,-0.61493,-0.63975,0.59689,1.76594,2.0,88.297,86.764,63,19,109,65.0
B0006,45,2008-04-26T01:04:35,24.0,0.49089,-0.19355,-0.93494,-0.18812,-0.19178,0.09851,0.22135,0.66783,1.27961,-1.39152,-0.14127,-0.6095,0.68571,-0.625,-1.59259,0.29226,-1.62264,-1.02877,-1.34815,-0.62243,-0.51888,-0.49085,0.51635,1.73379,2.0,86.689,85.184,63,18,109,64.0
B0006,46,2008-04-26T05:57:35,24.0,0.4486,-0.29542,-0.84392,-0.10056,-0.28082,0.05483,0.12118,0.61217,1.14369,-1.08885,-0.0876,-0.55039,0.95238,-0.6875,-1.77778,0.21203,-1.81132,-1.05178,-1.34815,-0.59954,-0.49173,-0.43659,0.46624,1.71333,2.0,85.666,84.179,63,17,109,63.0
B0006,47,2008-04-26T10:58:25,24.0,0.42416,-0.18676,-0.79875,-0.10143,-0.17123,0.02273,0.12949,0.6887,1.0932,-0.95887,-0.06231,-0.51958,0.38095,-0.25,-1.81481,0.16619,-1.86792,-0.96433,-1.31111,-0.50801,-0.43953,-0.37224,0.43834,1.70241,2.0,85.12,83.643,63,16,109,62.0
B0006,48,2008-04-29T12:15:56,24.0,0.57567,-1.04244,-2.02936,-0.28435,-1.05479,0.39269,0.26613,-0.25739,2.98447,-3.05432,-0.45774,-0.98737,0.53333,-0.5,4.46296,2.36676,4.54717,-0.17261,0.46667,-1.27231,-0.84949,-1.08644,0.7408,1.82372,2.0,91.186,89.603,63,15,109,61.0
B0006,49,2008-04-29T17:05:27,24.0,0.57646,-0.09168,-1.75697,-0.60381,-0.08904,0.33742,0.67051,0.49391,2.60777,-3.16484,-0.41209,-0.90351,0.8,-0.1875,2.62963,1.91404,2.64151,-0.43959,-0.08889,-1.08467,-0.76318,-0.90095,0.70446,1.80813,2.0,90.406,88.837,63,14,109,60.0
B0006,50,2008-04-29T22:00:04,24.0,0.51082,-0.11885,-1.46235,-0.557,-0.12329,0.2349,0.61927,0.73043,2.16311,-2.66876,-0.30537,-0.81157,1.02857,-0.25,1.11111,1.38682,1.13208,-0.68815,-0.57037,-0.95652,-0.68035,-0.77476,0.6227,1.77576,2.0,88.788,87.247,63,13,109,59.0
B0006,51,2008-04-30T02:43:55,24.0,0.46811,-0.41087,-1.22227,-0.63372,-0.41096,0.12882,0.68113,0.96696,1.76505,-2.55196,-0.23504,-0.69588,0.68571,-0.3125,0.2037,0.96275,0.20755,-0.75719,-0.74815,-0.80092,-0.59266,-0.62461,0.54432,1.74474,2.0,87.237,85.722,63,12,109,58.0
B0006,52,2008-04-30T07:41:42,24.0,0.4481,-0.17317,-1.00895,-0.10793,-0.15753,0.1101,0.1378,0.54261,1.43689,-1.18179,-0.16471,-0.63627,0.8381,0.375,-0.37037,0.6533,-0.39623,-0.86306,-0.91852,-0.7643,-0.5669,-0.55394,0.50709,1.72921,2.0,86.46,84.959,63,11,109,57.0
B0006,53,2008-04-30T12:28:49,24.0,0.42568,-0.31579,-0.90159,-0.12007,-0.31507,0.05393,0.14057,0.58435,1.25631,-1.05557,-0.12585,-0.54837,0.68571,-0.5625,-0.35185,0.57307,-0.35849,-0.75719,-0.81481,-0.65904,-0.51053,-0.453,0.45546,1.70811,2.0,85.405,83.923,63,10,109,56.0
B0006,54,2008-04-30T17:20:16,24.0,0.4267,-0.26825,-0.83975,-0.19983,-0.26712,0.02184,0.22874,0.74435,1.15534,-1.06499,-0.11659,-0.49129,0.57143,-1.0625,0.2037,0.62464,0.20755,-0.55926,-0.54815,-0.59954,-0.48269,-0.43155,0.42952,1.6976,2.0,84.88,83.406,63,9,109,55.0
B0006,55,2008-04-30T22:14:54,24.0,0.40655,-0.24109,-0.72822,-0.08626,-0.24658,-0.01738,0.10964,0.64,0.98058,-0.68195,-0.04997,-0.43066,0.41905,0.75,-0.14815,0.3553,-0.15094,-0.66053,-0.67407,-0.61327,-0.48129,-0.41893,0.39014,1.68206,2.0,84.103,82.643,63,8,109,54.0
B0006,56,2008-05-01T03:15:33,24.0,0.38522,-0.16638,-0.68166,-0.10967,-0.17123,-0.05483,0.13964,0.70957,0.92039,-0.60911,-0.00617,-0.39934,-0.07619,-0.5625,-0.38889,0.28653,-0.39623,-0.65132,-0.7037,-0.5492,-0.44162,-0.33691,0.36204,1.67148,2.0,83.574,82.123,63,7,109,53.0
B0006,57,2008-05-01T08:16:03,24.0,0.36194,-0.19355,-0.66777,-0.33247,-0.17808,-0.11188,0.37507,0.98783,0.91068,-0.93626,0.04072,-0.36802,0.8381,-0.25,-0.68519,0.25788,-0.69811,-0.6099,-0.74074,-0.43478,-0.37898,-0.26751,0.3323,1.66076,2.0,83.038,81.596,63,6,109,52.0
B0006,58,2008-05-01T13:14:24,24.0,0.36519,-0.25467,-0.63476,-0.50672,-0.23288,-0.15378,0.55603,1.1687,0.84466,-1.17488,0.08328,-0.31195,0.72381,-1.0625,-0.46296,0.29799,-0.4717,-0.43498,-0.54815,-0.31579,-0.32469,-0.16278,0.30737,1.65112,2.0,82.556,81.123,63,5,109,51.0
B0006,59,2008-05-01T18:11:10,24.0,0.34141,-0.25467,-0.56597,-0.21977,-0.25342,-0.14397,0.25089,0.88348,0.74175,-0.5708,0.0475,-0.27861,-0.34286,-0.5625,0.5,0.34384,0.4717,-0.31991,-0.31111,-0.43936,-0.37202,-0.29022,0.28308,1.64013,2.0,82.007,80.583,63,4,109,50.0
B0006,60,2008-05-01T23:10:15,24.0,0.34063,-0.25467,-0.51281,-0.26875,-0.25342,-0.18587,0.3026,0.9113,0.65049,-0.56703,0.11351,-0.21899,0.34286,0.375,0.11111,0.15473,0.09434,-0.37514,-0.36296,-0.39817,-0.35253,-0.22587,0.25404,1.6292,2.0,81.46,80.046,63,3,109,49.0
B0006,61,2008-05-02T03:53:34,24.0,0.2996,-0.48557,-0.42769,-0.0013,-0.4863,-0.20548,0.00254,0.5287,0.50874,-0.05714,0.14867,-0.15484,-3.88571,0.5625,-0.14815,-0.04011,-0.15094,-0.38895,-0.40741,-0.3524,-0.31216,-0.1817,0.20552,1.60885,2.0,80.442,79.046,63,2,109,48.0
B0006,62,2008-05-02T08:44:40,24.0,0.30138,-0.39728,-0.43499,-0.48591,-0.39041,-0.28215,0.52464,1.09217,0.52816,-0.8113,0.219,-0.12503,0.72381,0.0,-0.48148,-0.14327,-0.49057,-0.31991,-0.5037,-0.1968,-0.23978,-0.10978,0.18586,1.60352,2.0,80.176,78.784,63,1,109,47.0
B0006,63,2008-05-02T13:43:05,24.0,0.27853,-0.30221,-0.42144,-0.38015,-0.29452,-0.27947,0.41893,0.98087,0.52816,-0.57394,0.2264,-0.12554,-3.31429,-0.625,-0.24074,0.13754,-0.24528,-0.19563,-0.27407,-0.13272,-0.2001,-0.00126,0.17577,1.59897,2.0,79.949,78.56,63,0,109,46.0
B0006,64,2008-05-02T19:07:48,24.0,0.25847,-0.39728,-0.35681,-0.32076,-0.40411,-0.30889,0.34876,0.97391,0.41748,-0.39184,0.25293,-0.08765,1.06667,-0.8125,0.46296,-0.41261,0.43396,-0.51784,-0.53333,-0.627,-0.42631,-0.4,0.14577,1.58763,2.0,79.381,78.003,63,0,109,45.0
B0006,65,2008-05-02T23:24:17,24.0,0.25892,0.18676,-0.35299,-0.18899,0.18493,-0.2875,0.24812,0.82783,0.46408,-0.05149,0.30105,-0.05936,0.49524,-0.4375,0.2037,-0.23496,0.20755,-0.4626,-0.37778,-0.50801,-0.36993,-0.28644,0.13829,1.58297,2.0,79.149,77.774,63,0,109,44.0
B0006,66,2008-05-03T04:13:08,24.0,0.23757,-0.45161,-0.31825,-0.43953,-0.43836,-0.36684,0.47155,0.96,0.35922,-0.54443,0.36459,0.00328,0.8,-0.5625,-0.12963,-0.38395,-0.13208,-0.44419,-0.42963,-0.40732,-0.31147,-0.21325,0.09434,1.56714,2.0,78.357,76.996,63,0,109,43.0
B0006,67,2008-05-03T09:10:19,24.0,0.2142,-0.32937,-0.29289,-0.43563,-0.33562,-0.38734,0.47571,0.98087,0.33981,-0.46468,0.38865,0.00682,-0.11429,-0.6875,-0.42593,-0.42407,-0.45283,-0.4626,-0.4963,-0.3524,-0.27527,-0.16782,0.07817,1.56134,2.0,78.067,76.712,63,0,109,42.0
B0006,68,2008-05-03T14:04:34,24.0,0.19322,-0.39728,-0.24633,-0.24751,-0.36986,-0.39269,0.27074,0.73739,0.26408,-0.11743,0.44232,0.03966,0.68571,-1.125,-0.42593,-0.48138,-0.45283,-0.45339,-0.46667,-0.34325,-0.26205,-0.14006,0.05388,1.55117,2.0,77.559,76.212,63,0,109,41.0
B0006,69,2008-05-03T18:58:13,24.0,0.19353,-0.3837,-0.25015,-0.53706,-0.39041,-0.43459,0.58003,1.01565,0.27184,-0.5752,0.44787,0.06896,0.0,-0.125,-0.2963,-0.44699,-0.30189,-0.36133,-0.37778,-0.28375,-0.23351,-0.10599,0.0384,1.54067,2.0,77.034,75.696,63,0,109,40.0
B0006,70,2008-05-03T23:42:30,24.0,0.17305,-0.73684,-0.22236,-0.62029,-0.73288,-0.47292,0.64466,0.98087,0.20194,-0.77614,0.47378,0.13261,-2.3619,1.75,-0.25926,-0.53868,-0.26415,-0.32911,-0.34074,-0.26545,-0.21542,-0.09716,0.00016,1.52531,2.0,76.266,74.942,63,0,109,39.0
B0006,71,2008-05-04T04:41:40,24.0,0.14875,-0.35654,-0.17754,-0.24967,-0.34932,-0.44439,0.27536,0.70261,0.17087,-0.0113,0.52745,0.10685,0.19048,-0.4375,-0.35185,-0.48711,-0.35849,-0.34753,-0.34074,-0.26087,-0.2015,-0.07571,-0.00016,1.53016,2.0,76.508,75.18,63,0,109,38.0
B0006,72,2008-05-04T09:40:11,24.0,0.14937,-0.33616,-0.16677,-0.45124,-0.32192,-0.47827,0.49186,0.89043,0.1534,-0.3259,0.55275,0.13716,0.30476,0.75,-0.37037,-0.55014,-0.37736,-0.3153,-0.32593,-0.2151,-0.18131,-0.04795,-0.01595,1.52466,2.0,76.233,74.909,63,0,109,37.0
B0006,73,2008-05-04T14:38:13,24.0,0.12912,-0.34295,-0.10701,-0.02254,-0.34932,-0.45688,0.03485,0.41043,0.05825,0.3887,0.60518,0.171,0.7619,2.125,-0.40741,-0.64183,-0.41509,-0.33372,-0.31111,-0.22883,-0.17853,-0.04921,-0.03834,1.51455,2.0,75.727,74.413,63,0,109,36.0
B0006,74,2008-05-04T19:37:07,24.0,0.10796,-0.32937,-0.10736,-0.18986,-0.32877,-0.48986,0.2135,0.5913,0.07379,0.14066,0.63109,0.17555,0.41905,0.1875,-0.40741,-0.61318,-0.43396,-0.28769,-0.28889,-0.18307,-0.14651,-0.01767,-0.05331,1.50939,2.0,75.47,74.159,63,0,109,35.0
B0006,75,2008-05-05T00:35:53,24.0,0.08494,-0.36333,-0.10909,-0.36064,-0.34932,-0.52463,0.39354,0.75826,0.08738,-0.11366,0.66194,0.17909,0.45714,-0.4375,-0.53704,-0.61318,-0.54717,-0.26467,-0.3037,-0.12815,-0.10823,0.01514,-0.06878,1.504,2.0,75.2,73.894,63,0,109,34.0
B0006,76,2008-05-05T05:28:13,24.0,0.08544,-0.43124,-0.05976,-0.14521,-0.43151,-0.52195,0.15949,0.48,-0.00777,0.22857,0.68538,0.24021,0.11429,-0.0625,-0.62963,-0.7851,-0.64151,-0.3061,-0.32593,-0.14645,-0.11728,0.00757,-0.09352,1.49352,2.0,74.676,73.379,63,0,109,33.0
B0006,77,2008-05-05T11:41:31,24.0,0.08437,-0.41087,-0.04378,-0.50282,-0.40411,-0.57366,0.54126,0.87652,-0.03495,-0.36107,0.73411,0.24173,-0.30476,-0.3125,-0.59259,-0.81948,-0.60377,-0.08976,-0.23704,0.05492,-0.01775,0.11104,-0.101,1.48763,2.0,74.382,73.09,63,0,109,32.0
B0006,78,2008-05-05T20:40:08,24.0,0.08245,0.11885,-0.20082,-0.47638,0.11644,-0.47381,0.54957,1.11304,0.29709,-0.20157,0.54719,-0.00328,0.38095,-0.75,0.48148,0.10888,0.49057,0.12198,0.14815,0.0,-0.0442,0.10599,0.00739,1.53029,2.0,76.514,75.186,63,0,109,31.0
B0006,79,2008-05-06T01:38:46,24.0,0.04209,-0.47878,-0.08026,-0.19853,-0.4863,-0.52908,0.21304,0.63304,0.05049,0.19215,0.63726,0.12705,1.10476,-0.1875,-0.7037,-0.46418,-0.71698,-0.06674,-0.2,0.10984,0.02888,0.20063,-0.07132,1.50408,2.0,75.204,73.898,63,0,109,30.0
B0006,80,2008-05-06T06:37:06,24.0,0.02137,-0.44482,-0.0806,-0.57,-0.41781,-0.60308,0.61096,0.97391,0.06602,-0.3956,0.75447,0.1609,0.72381,0.0,-1.48148,-0.55014,-1.5283,-0.06674,-0.32593,0.30206,0.13259,0.35205,-0.10138,1.48876,2.0,74.438,73.146,63,0,109,29.0
B0006,81,2008-05-06T11:25:21,24.0,0.023,-0.55348,-0.00799,-0.06372,-0.55479,-0.57098,0.0644,0.35478,-0.07573,0.4157,0.7884,0.25284,0.38095,3.1875,-1.2963,-0.7106,-1.33962,-0.03913,-0.22963,0.27918,0.12215,0.33438,-0.13537,1.47828,2.0,73.914,72.631,63,0,109,28.0
B0006,82,2008-05-06T16:23:36,24.0,0.01957,-0.39728,-0.01737,-0.14478,-0.37671,-0.57009,0.16134,0.45913,-0.04272,0.34097,0.78717,0.2488,-0.07619,-0.9375,-0.44444,-0.40688,-0.45283,0.18642,0.13333,0.29748,0.1312,0.34448,-0.13391,1.47846,2.0,73.923,72.64,63,0,109,27.0
B0006,83,2008-05-06T21:21:49,24.0,0.00108,-0.35654,-0.00417,-0.06459,-0.36301,-0.56029,0.07871,0.39652,-0.05243,0.49356,0.77051,0.25587,0.7619,-0.4375,0.22222,-0.33811,0.22642,0.26928,0.31852,0.21968,0.10197,0.2877,-0.14482,1.47321,2.0,73.661,72.382,63,0,109,26.0
B0006,84,2008-05-07T02:17:25,24.0,-0.00108,-0.3837,0.0,-0.31599,-0.39041,-0.60575,0.3446,0.61217,-0.06214,0.06468,0.81123,0.28669,0.64762,0.1875,-0.03704,-0.41834,-0.03774,0.25086,0.27407,0.26545,0.12563,0.32808,-0.16226,1.46752,2.0,73.376,72.102,63,0,109,25.0
B0006,85,2008-05-07T07:04:02,24.0,-0.04474,-0.5399,0.00834,-0.4404,-0.5411,-0.64943,0.46647,0.72348,-0.06602,-0.14443,0.86983,0.29578,0.41905,0.5,-0.38889,-0.59026,-0.39623,0.19563,0.11852,0.29291,0.16182,0.32555,-0.1908,1.45163,2.0,72.581,71.321,63,0,109,24.0
B0006,86,2008-05-07T12:01:49,24.0,-0.06617,-0.40407,0.04204,-0.36368,-0.39726,-0.66459,0.394,0.68174,-0.10291,0.054,0.94324,0.30083,0.41905,-0.375,-1.01852,-0.69341,-1.03774,0.09436,-0.04444,0.34783,0.2008,0.39874,-0.20501,1.45192,2.0,72.596,71.336,63,0,109,23.0
B0006,87,2008-05-07T16:59:29,24.0,-0.06463,-0.39049,0.07505,-0.01257,-0.39041,-0.62447,0.021,0.27826,-0.16311,0.6135,0.93893,0.32963,0.15238,-0.8125,-0.66667,-0.56734,-0.67925,0.23245,0.16296,0.39817,0.22516,0.43407,-0.21262,1.44715,2.0,72.357,71.101,63,0,109,22.0
B0006,88,2008-05-07T21:56:09,24.0,-0.06517,-0.3837,0.05767,-0.21456,-0.39041,-0.63606,0.23658,0.48,-0.1301,0.29388,0.90561,0.33013,-0.15238,-0.3125,0.03704,-0.36676,0.03774,0.37975,0.40741,0.37071,0.21194,0.4164,-0.21332,1.44685,2.0,72.343,71.087,63,0,109,21.0
B0006,89,2008-05-08T02:53:49,24.0,-0.0871,-0.36333,0.08165,-0.04465,-0.36301,-0.62536,0.05747,0.32696,-0.15922,0.58713,0.92474,0.33519,-0.72381,-0.8125,0.14815,-0.3553,0.15094,0.38435,0.44444,0.34325,0.21124,0.40631,-0.22499,1.44167,2.0,72.084,70.832,63,0,109,20.0
B0006,90,2008-05-09T12:25:07,24.0,0.21604,2.31919,-0.05628,-0.06675,2.34247,-0.39358,0.26244,1.05739,0.15922,0.87661,0.75571,-0.17454,0.72381,-0.875,-0.24074,0.6361,-0.24528,0.27848,0.17778,0.33867,0.05533,0.35079,0.13759,1.59359,2.0,79.679,78.296,63,0,109,19.0
B0006,91,2008-05-09T20:28:09,24.0,-0.00743,0.17317,-0.20846,-0.05332,0.17808,-0.41765,0.10271,0.57043,0.37087,0.49294,0.54596,-0.17656,-0.0381,-0.9375,0.90741,0.64756,0.92453,0.16341,0.28889,-0.05492,-0.02888,0.07823,0.03485,1.54639,2.0,77.32,75.977,63,0,109,18.0
B0006,92,2008-05-10T01:21:56,24.0,-0.02798,-0.37012,-0.10597,-0.18205,-0.36301,-0.48986,0.20289,0.53565,0.14757,0.21978,0.58853,-0.01743,0.60952,0.1875,0.96296,0.29799,0.98113,0.19102,0.33333,-0.05034,-0.01496,0.09968,-0.04386,1.51471,2.0,75.735,74.42,63,0,109,17.0
B0006,93,2008-05-10T06:18:12,24.0,-0.04758,-0.29542,-0.06393,-0.32336,-0.30137,-0.54156,0.35799,0.68174,0.08932,0.03265,0.65392,0.04824,0.68571,-0.75,0.51852,0.0745,0.49057,0.16341,0.22963,0.03661,0.03724,0.16909,-0.08489,1.49898,2.0,74.949,73.648,63,0,109,16.0
B0006,94,2008-05-10T11:16:04,24.0,-0.07025,-0.30221,0.0,-0.10273,-0.29452,-0.55494,0.12349,0.44522,-0.01359,0.46279,0.72733,0.11341,0.34286,-0.625,0.05556,-0.17765,0.0566,0.08055,0.11852,0.06865,0.06438,0.18297,-0.12332,1.48311,2.0,74.156,72.868,63,0,109,15.0
B0006,95,2008-05-10T16:11:56,24.0,-0.08973,-0.33616,0.00764,-0.34937,-0.32192,-0.60397,0.38338,0.66783,-0.01942,0.05714,0.77915,0.14776,0.15238,0.25,-0.14815,-0.2235,-0.15094,0.10357,0.0963,0.14188,0.11101,0.25741,-0.15078,1.47297,2.0,73.648,72.37,63,0,109,14.0
B0006,96,2008-05-10T21:07:54,24.0,-0.11106,-0.34295,0.04343,-0.16558,-0.33562,-0.60218,0.18673,0.47304,-0.07379,0.37928,0.80629,0.18262,0.30476,0.0,-0.07407,-0.25788,-0.07547,0.13579,0.15556,0.15561,0.12911,0.26625,-0.17431,1.46276,2.0,73.138,71.868,63,0,109,13.0
B0006,97,2008-05-11T02:05:21,24.0,-0.11147,-0.32258,0.04795,-0.40139,-0.32192,-0.63606,0.4397,0.6887,-0.07961,-0.03014,0.84084,0.21445,-0.57143,-0.125,0.0,-0.28653,0.0,0.19102,0.20741,0.19222,0.14721,0.28013,-0.19042,1.45184,2.0,72.592,71.331,63,0,109,12.0
B0006,98,2008-05-11T06:55:27,24.0,-0.13202,-0.44482,0.06914,-0.37104,-0.45205,-0.64854,0.39908,0.62609,-0.11845,0.0,0.86058,0.25032,-1.40952,0.0,0.09259,-0.33811,0.09434,0.20944,0.23704,0.18764,0.15556,0.28391,-0.2149,1.44687,2.0,72.343,71.087,63,0,109,11.0
B0006,99,2008-05-11T11:52:47,24.0,-0.15425,-0.34295,0.09172,-0.27568,-0.34932,-0.65032,0.30444,0.54261,-0.13786,0.2022,0.92535,0.25486,-1.37143,0.1875,0.0,-0.33238,0.0,0.21404,0.25185,0.2151,0.18131,0.30915,-0.22841,1.44138,2.0,72.069,70.818,63,0,109,10.0
B0006,100,2008-05-11T16:49:58,24.0,-0.15247,-0.37012,0.10215,-0.41396,-0.36301,-0.67083,0.45032,0.66783,-0.16117,-0.0584,0.93523,0.28669,0.34286,0.3125,0.07407,-0.34384,0.07547,0.26467,0.3037,0.25172,0.19802,0.33565,-0.24167,1.43121,2.0,71.561,70.318,63,0,109,9.0
B0006,101,2008-05-11T21:47:12,24.0,-0.17497,-0.3837,0.10701,-0.48981,-0.35616,-0.68955,0.52972,0.73739,-0.15922,-0.19341,0.97656,0.29124,0.87619,-0.6875,0.05556,-0.32092,0.0566,0.3015,0.32593,0.28833,0.22795,0.35836,-0.25511,1.42602,2.0,71.301,70.063,63,0,109,8.0
B0006,102,2008-05-12T02:36:58,24.0,-0.19777,-0.4584,0.14974,-0.14954,-0.46575,-0.66904,0.16272,0.39652,-0.23107,0.38995,0.97717,0.3271,0.41905,0.125,0.05556,-0.44126,0.03774,0.26007,0.31111,0.24714,0.22098,0.33312,-0.27871,1.42049,2.0,71.024,69.791,63,0,109,7.0
B0006,103,2008-05-12T12:56:34,24.0,-0.17558,-1.10357,0.13793,-0.40616,-1.11644,-0.69311,0.39169,0.41739,-0.2835,-0.31397,0.97409,0.32155,0.38095,0.375,0.14815,-0.10315,0.15094,0.59148,0.56296,0.55835,0.36506,0.56656,-0.26881,1.4207,2.0,71.035,69.802,63,0,109,6.0
B0006,104,2008-05-12T18:59:59,24.0,-0.15636,0.01019,0.07748,-0.09363,0.00685,-0.57366,0.13456,0.33391,-0.07767,0.52559,0.83282,0.1907,-0.72381,4.0625,1.51852,0.24642,1.54717,0.56847,0.82222,0.19222,0.17018,0.29527,-0.19581,1.45226,2.0,72.613,71.352,63,0,109,5.0
B0006,105,2008-05-12T23:53:17,24.0,-0.19888,-0.47199,0.13272,-0.11747,-0.46575,-0.6218,0.12718,0.31304,-0.2,0.39937,0.88896,0.26244,0.38095,-0.9375,1.16667,0.06877,1.18868,0.55466,0.75556,0.26545,0.23003,0.35836,-0.24833,1.43156,2.0,71.578,70.335,63,0,109,4.0
B0006,106,2008-05-13T04:35:25,24.0,-0.22133,-0.59423,0.1282,-0.5427,-0.60274,-0.69311,0.57173,0.70261,-0.19029,-0.42072,0.95558,0.29932,0.87619,-0.1875,0.87037,-0.03438,0.88679,0.55926,0.68889,0.34325,0.28154,0.41767,-0.2801,1.41502,2.0,70.751,69.522,63,0,109,3.0
B0006,107,2008-05-13T09:24:04,24.0,-0.28825,-0.49915,0.16121,-0.19983,-0.5,-0.68955,0.21304,0.42435,-0.20583,0.3303,1.02653,0.28265,-3.80952,2.1875,0.44444,-0.10315,0.43396,0.44879,0.54074,0.33867,0.31703,0.43281,-0.30458,1.40973,2.0,70.487,69.263,63,0,109,2.0
B0006,108,2008-05-13T14:20:24,24.0,-0.24342,-0.37691,0.20394,-0.14954,-0.38356,-0.68331,0.1678,0.36174,-0.30097,0.36484,1.05799,0.3655,0.26667,0.0625,0.27778,-0.26361,0.28302,0.48562,0.57037,0.4119,0.33026,0.46688,-0.31657,1.40492,2.0,70.246,69.026,63,0,109,1.0
B0006,109,2008-05-13T19:04:20,24.0,-0.26257,-0.58065,0.21993,0.01517,-0.57534,-0.66459,-0.02147,0.13913,-0.33786,0.5865,1.0512,0.40237,0.68571,-0.75,0.92593,-0.19484,0.9434,0.56847,0.77037,0.33867,0.30242,0.42524,-0.33661,1.39516,2.0,69.758,68.547,63,0,109,0.0
B0006,110,2008-05-13T23:59:26,24.0,-0.26331,-0.41087,0.22444,-0.09623,-0.41096,-0.6735,0.10871,0.29913,-0.3301,0.43077,1.05737,0.4044,0.30476,-0.8125,1.18519,-0.12034,1.20755,0.65593,0.88889,0.35698,0.31286,0.42776,-0.33902,1.39453,2.0,69.727,68.516,63,0,109,0.0
B0006,111,2008-05-14T04:55:57,24.0,-0.28403,-0.39049,0.23104,-0.28825,-0.36301,-0.71718,0.3146,0.52174,-0.3301,0.11177,1.13387,0.40995,-3.31429,0.625,0.7037,-0.23496,0.71698,0.58688,0.74074,0.40732,0.35044,0.46309,-0.35545,1.38932,2.0,69.466,68.26,63,0,109,0.0
B0006,112,2008-05-14T09:52:22,24.0,-0.30747,-0.39728,0.24286,-0.28955,-0.39726,-0.73234,0.31552,0.52174,-0.33981,0.12747,1.15484,0.41349,-4.11429,-0.1875,0.33333,-0.27507,0.32075,0.55466,0.63704,0.4714,0.39638,0.51861,-0.36946,1.38384,2.0,69.192,67.991,63,0,109,0.0
B0006,113,2008-05-14T14:35:22,24.0,-0.30752,-0.59423,0.23417,-0.52449,-0.60274,-0.75284,0.5528,0.67478,-0.34175,-0.4,1.14806,0.4438,0.53333,1.25,0.81481,-0.17765,0.81132,0.68815,0.82963,0.4897,0.40404,0.5224,-0.38196,1.37368,2.0,68.684,67.492,63,0,109,0.0
B0006,114,2008-05-14T19:31:39,24.0,-0.30735,-0.39728,0.25467,-0.30126,-0.39726,-0.71718,0.32799,0.49391,-0.36117,0.06593,1.14189,0.44582,0.41905,-0.1875,1.33333,-0.0745,1.35849,0.7618,1.01481,0.43021,0.3748,0.48454,-0.37974,1.37861,2.0,68.93,67.734,63,0,109,0.0
B0006,115,2008-05-15T00:27:55,24.0,-0.32902,-0.37691,0.26822,-0.29215,-0.37671,-0.72788,0.31968,0.52174,-0.37282,0.09356,1.17273,0.45138,0.38095,-0.5,1.11111,-0.15473,1.11321,0.70196,0.91852,0.42563,0.38455,0.48959,-0.39236,1.37376,2.0,68.688,67.495,63,0,109,0.0
B0006,116,2008-05-15T05:24:04,24.0,-0.35104,-0.39728,0.28177,-0.3342,-0.40411,-0.75017,0.36307,0.5913,-0.38835,0.03642,1.20234,0.45744,0.0,0.375,0.66667,-0.25788,0.67925,0.64672,0.78519,0.47597,0.42353,0.51987,-0.40771,1.36826,2.0,68.413,67.225,63,0,109,0.0
B0006,117,2008-05-15T10:20:03,24.0,-0.37204,-0.39728,0.29601,-0.329,-0.39726,-0.76621,0.35753,0.60522,-0.40388,0.06342,1.25787,0.46047,0.45714,0.75,0.25926,-0.32665,0.24528,0.59609,0.67407,0.53547,0.46598,0.57161,-0.42071,1.3633,2.0,68.165,66.982,63,0,109,0.0
B0006,118,2008-05-15T15:10:59,24.0,-0.37363,-0.48557,0.31651,-0.05852,-0.47945,-0.7261,0.06347,0.30609,-0.45243,0.48226,1.23072,0.4923,0.53333,0.0625,0.72222,-0.25788,0.73585,0.66513,0.84444,0.4897,0.44301,0.53754,-0.42921,1.3581,2.0,67.905,66.726,63,0,109,0.0
B0006,119,2008-05-15T19:56:47,24.0,-0.37142,-0.55348,0.29636,-0.37538,-0.53425,-0.74571,0.39631,0.56348,-0.42136,-0.13438,1.20419,0.49129,0.45714,-0.4375,1.48148,-0.04011,1.49057,0.84925,1.11852,0.47597,0.43605,0.53123,-0.4287,1.35327,2.0,67.663,66.489,63,0,109,0.0
B0006,120,2008-05-16T16:54:59,24.0,-0.33195,-1.67402,0.25641,-0.26528,-1.69178,-0.70738,0.20242,0.17391,-0.47573,-0.36421,1.05367,0.3852,0.49524,0.3125,1.81481,-0.04585,1.79245,0.66974,0.93333,0.21968,0.28015,0.34322,-0.36724,1.38416,2.0,69.208,68.006,63,0,109,0.0
B0006,121,2008-05-16T21:37:39,24.0,-0.30965,0.11885,0.23348,-0.23234,0.11644,-0.64052,0.28967,0.46609,-0.2699,0.16452,1.03886,0.28416,-2.17143,-0.5,1.81481,0.25788,1.84906,0.75259,1.05926,0.30206,0.31077,0.38612,-0.31257,1.40515,2.0,70.257,69.038,63,0,109,0.0
B0006,122,2008-05-17T02:32:13,24.0,-0.35189,-0.40407,0.27899,-0.42609,-0.40411,-0.71362,0.46093,0.65391,-0.38447,-0.28446,1.13078,0.35994,0.8381,0.375,1.16667,-0.01719,1.18868,0.68354,0.87407,0.39359,0.38176,0.44921,-0.36864,1.37872,2.0,68.936,67.739,63,0,109,0.0
B0006,123,2008-05-17T07:25:19,24.0,-0.37213,-0.42445,0.32728,-0.19549,-0.42466,-0.71718,0.2135,0.47304,-0.46796,0.1595,1.19371,0.43016,0.7619,0.0625,0.5,-0.32665,0.49057,0.55006,0.66667,0.42563,0.40961,0.48328,-0.40631,1.36827,2.0,68.413,67.225,63,0,109,0.0
B0006,124,2008-05-17T12:21:15,24.0,-0.39749,-0.37691,0.32589,-0.47768,-0.38356,-0.76354,0.51725,0.78609,-0.4466,-0.3416,1.24491,0.43471,0.7619,0.4375,0.24074,-0.30946,0.24528,0.58228,0.63704,0.52174,0.47433,0.55142,-0.42324,1.35732,2.0,67.866,66.687,63,0,109,0.0
B0006,125,2008-05-17T17:15:37,24.0,-0.3941,-0.40407,0.36133,-0.21803,-0.41096,-0.73947,0.23889,0.54957,-0.51845,0.11805,1.25787,0.50038,0.8381,-0.375,0.2037,-0.46991,0.20755,0.54085,0.62222,0.4897,0.45624,0.52492,-0.445,1.35249,2.0,67.625,66.451,63,0,109,0.0
B0006,126,2008-05-17T22:10:51,24.0,-0.44007,-0.39728,0.35925,-0.28088,-0.40411,-0.76176,0.30629,0.64,-0.48932,0.04961,1.29488,0.47765,0.53333,0.0,0.12963,-0.39542,0.13208,0.55926,0.61481,0.52632,0.50078,0.56151,-0.45825,1.34741,2.0,67.37,66.201,63,0,109,0.0
B0006,127,2008-05-18T03:05:19,24.0,-0.43779,-0.41766,0.37245,-0.36498,-0.42466,-0.77245,0.394,0.73739,-0.5165,-0.13124,1.30167,0.51099,0.7619,0.1875,0.07407,-0.47564,0.07547,0.55926,0.60741,0.53547,0.50635,0.56151,-0.47163,1.33701,2.0,66.85,65.69,63,0,109,0.0
B0006,128,2008-05-18T08:00:50,24.0,-0.43824,-0.40407,0.38843,-0.36628,-0.41096,-0.77959,0.39677,0.77217,-0.54757,-0.13689,1.32943,0.54433,0.60952,3.9375,-0.2037,-0.60745,-0.20755,0.52704,0.53333,0.57208,0.52514,0.57666,-0.48616,1.33124,2.0,66.562,65.406,63,0,109,0.0
B0006,129,2008-05-18T12:44:48,24.0,-0.46088,-0.58744,0.40858,-0.17555,-0.58904,-0.76889,0.18119,0.58435,-0.59029,0.17143,1.35287,0.58222,1.06667,-0.4375,-0.2963,-0.69914,-0.30189,0.47641,0.48889,0.5492,0.52654,0.56656,-0.50956,1.32593,2.0,66.297,65.145,63,0,109,0.0
B0006,130,2008-05-18T17:36:29,24.0,-0.48157,-0.4652,0.39781,-0.4352,-0.4726,-0.80276,0.46601,0.87652,-0.54757,-0.2606,1.36274,0.55342,0.8381,-0.25,-0.27778,-0.59599,-0.28302,0.53625,0.52593,0.60412,0.56899,0.61703,-0.51007,1.32158,2.0,66.079,64.932,63,0,109,0.0
B0006,131,2008-05-18T22:31:45,24.0,-0.48074,-0.43124,0.42317,-0.18682,-0.42466,-0.77335,0.20335,0.66087,-0.59417,0.20157,1.38371,0.58777,0.87619,0.125,-0.22222,-0.67049,-0.22642,0.52244,0.54074,0.57666,0.55368,0.58675,-0.52123,1.32123,2.0,66.061,64.914,63,0,109,0.0
B0006,132,2008-05-19T03:27:07,24.0,-0.48143,-0.41766,0.44194,-0.08409,-0.42466,-0.76354,0.09486,0.60522,-0.62913,0.36484,1.39975,0.62112,0.95238,1.9375,-0.35185,-0.76791,-0.35849,0.49482,0.4963,0.58124,0.55577,0.58801,-0.53398,1.31565,2.0,65.782,64.64,63,0,109,0.0
B0006,133,2008-05-19T15:34:33,24.0,-0.46083,-1.32088,0.43116,-0.16255,-1.33562,-0.7466,0.11748,0.43826,-0.7068,-0.10424,1.30537,0.61556,0.64762,0.0,0.88889,-0.62464,0.88679,0.55006,0.74074,0.3341,0.41309,0.40505,-0.51996,1.3209,2.0,66.045,64.898,63,0,109,0.0
B0006,134,2008-05-19T20:59:48,24.0,-0.4381,0.12564,0.38565,-0.24361,0.12329,-0.69668,0.30214,0.6887,-0.48932,0.05714,1.23134,0.47815,0.91429,-0.375,1.14815,-0.45845,1.16981,0.33372,0.62222,0.05492,0.253,0.17918,-0.4528,1.34743,2.0,67.372,66.202,63,0,109,0.0
B0006,135,2008-05-20T01:16:42,24.0,-0.46074,-0.08489,0.43533,0.00087,-0.07534,-0.694,0.02701,0.50087,-0.59417,0.45463,1.3066,0.58222,1.10476,-0.0625,0.7037,-0.75072,0.71698,0.22325,0.46667,0.05034,0.26483,0.1817,-0.50341,1.32601,2.0,66.301,65.15,63,0,109,0.0
B0006,136,2008-05-20T06:12:06,24.0,-0.48131,-0.41766,0.4468,-0.25011,-0.41096,-0.75106,0.27213,0.76522,-0.63689,-0.03516,1.37138,0.62213,0.87619,0.0625,0.24074,-0.88825,0.22642,0.19102,0.36296,0.1373,0.32121,0.24984,-0.53347,1.31012,2.0,65.506,64.369,63,0,109,0.0
B0006,137,2008-05-20T11:07:23,24.0,-0.50399,-0.41087,0.47147,-0.03684,-0.41096,-0.74482,0.04593,0.62609,-0.67184,0.37739,1.42073,0.65951,0.7619,-0.375,-0.35185,-1.07736,-0.35849,0.07135,0.17037,0.16018,0.34627,0.26372,-0.557,1.30522,2.0,65.261,64.128,63,0,109,0.0
B0006,138,2008-05-20T15:57:27,24.0,-0.50262,-0.48557,0.4541,-0.42739,-0.4726,-0.77335,0.45678,0.93913,-0.64854,-0.41695,1.38371,0.6585,0.8,-0.375,0.31481,-0.83668,0.32075,0.28308,0.44444,0.20595,0.36993,0.3041,-0.55725,1.30041,2.0,65.02,63.891,63,0,109,0.0
B0006,139,2008-05-20T20:50:39,24.0,-0.50215,-0.43124,0.47147,-0.19029,-0.42466,-0.73323,0.2075,0.73043,-0.67573,0.01633,1.37014,0.69285,0.53333,1.125,0.7963,-0.83095,0.81132,0.31991,0.57778,0.12357,0.32539,0.22587,-0.56658,1.30024,2.0,65.012,63.883,63,0,109,0.0
B0006,140,2008-05-21T01:39:38,24.0,-0.52407,-0.48557,0.47286,-0.43433,-0.4863,-0.77691,0.4637,1.01565,-0.67184,-0.41821,1.41456,0.69891,0.49524,-0.625,0.31481,-0.93983,0.32075,0.26928,0.43704,0.19222,0.37411,0.26877,-0.58294,1.28951,2.0,64.475,63.356,63,0,109,0.0
B0006,141,2008-05-21T06:24:27,24.0,-0.54751,-0.57385,0.49266,-0.27742,-0.55479,-0.78048,0.29106,0.93913,-0.7068,-0.10801,1.4707,0.73832,0.87619,0.25,-0.24074,-1.16905,-0.24528,0.14039,0.21481,0.20137,0.39499,0.28013,-0.60755,1.27925,2.0,63.963,62.852,63,0,109,0.0
B0006,142,2008-05-21T11:18:06,24.0,-0.54626,-0.45161,0.51246,-0.08149,-0.4589,-0.76265,0.09071,0.82783,-0.73398,0.28823,1.48982,0.77065,0.53333,-0.3125,-0.64815,-1.30086,-0.66038,0.05293,0.11111,0.2151,0.40125,0.29274,-0.61947,1.27921,2.0,63.96,62.85,63,0,109,0.0
B0006,143,2008-05-21T16:10:21,24.0,-0.54633,-0.4584,0.50621,-0.20676,-0.43836,-0.76086,0.2232,0.89739,-0.72427,0.01695,1.47563,0.77014,0.64762,0.1875,-0.12963,-1.09456,-0.13208,0.21864,0.34074,0.25172,0.42074,0.32177,-0.61852,1.27404,2.0,63.702,62.596,63,0,109,0.0
B0006,144,2008-05-21T21:02:09,24.0,-0.56565,-0.45161,0.5142,-0.14608,-0.45205,-0.75373,0.15903,0.88348,-0.72816,0.13187,1.47193,0.77772,0.49524,1.4375,0.11111,-1.12321,0.11321,0.21864,0.37037,0.19222,0.40056,0.27886,-0.62962,1.27413,2.0,63.706,62.6,63,0,109,0.0
B0006,145,2008-05-22T01:42:59,24.0,-0.56584,-0.64856,0.5281,-0.14044,-0.65753,-0.76265,0.13964,0.93217,-0.77476,0.08666,1.49784,0.84441,0.45714,-0.1875,-0.40741,-1.36963,-0.41509,0.10357,0.17778,0.20137,0.40612,0.27003,-0.6553,1.26376,2.0,63.188,62.091,63,0,109,0.0
B0006,146,2008-05-22T06:32:40,24.0,-0.58961,-0.48557,0.54339,0.02384,-0.49315,-0.76176,-0.02424,0.88348,-0.7767,0.46593,1.5583,0.85198,0.41905,1.25,-0.94444,-1.51289,-0.96226,-0.0069,0.00741,0.22883,0.43466,0.30284,-0.66888,1.25814,2.0,62.907,61.815,63,0,109,0.0
B0006,147,2008-05-22T11:23:22,24.0,-0.58973,-0.47878,0.53435,-0.38231,-0.4863,-0.81079,0.40923,1.28696,-0.75728,-0.2675,1.59099,0.85047,0.19048,-0.1875,-1.22222,-1.46705,-1.26415,0.04373,-0.00741,0.34783,0.4973,0.38612,-0.67192,1.25326,2.0,62.663,61.575,63,0,109,0.0
B0006,148,2008-05-22T16:17:58,24.0,-0.58681,-0.41766,0.53435,-0.36931,-0.42466,-0.78672,0.39908,1.24522,-0.7534,-0.2763,1.53362,0.85047,0.7619,4.4375,-0.53704,-1.27794,-0.54717,0.22325,0.24444,0.35698,0.50148,0.37855,-0.66957,1.25323,2.0,62.662,61.574,63,0,109,0.0
B0006,149,2008-05-22T20:59:50,24.0,-0.61094,-0.59423,0.54651,-0.1036,-0.60274,-0.75997,0.10364,1.00174,-0.78252,0.17206,1.54226,0.88937,-0.0381,0.125,-0.48148,-1.39255,-0.49057,0.11277,0.18519,0.23341,0.44997,0.29274,-0.69095,1.24809,2.0,62.404,61.321,63,0,109,0.0
B0006,150,2008-05-23T12:13:16,24.0,-0.58741,-1.63328,0.5545,0.02297,-1.65068,-0.76176,-0.10087,0.71652,-0.91456,0.15259,1.5546,0.8833,0.45714,-0.625,-1.16667,-1.4957,-1.18868,0.1542,0.1037,0.43936,0.54602,0.46057,-0.68093,1.25344,2.0,62.672,61.584,63,0,109,0.0
B0006,151,2008-05-23T20:14:29,24.0,-0.52509,0.06452,0.51038,-0.04508,0.06164,-0.67172,0.08702,0.83478,-0.68932,0.18587,1.33436,0.72973,-0.72381,-0.375,-0.01852,-0.84814,-0.01887,0.55006,0.59259,0.5492,0.5669,0.53628,-0.58668,1.2898,2.0,64.49,63.371,63,0,109,0.0
B0006,152,2008-05-24T01:09:21,24.0,-0.56814,-0.51273,0.53644,-0.1166,-0.5137,-0.71005,0.12302,0.93217,-0.7767,-0.03077,1.42073,0.84339,0.72381,-0.6875,-0.09259,-1.01433,-0.09434,0.55926,0.61481,0.58124,0.60936,0.55773,-0.65118,1.26354,2.0,63.177,62.08,63,0,109,0.0
B0006,153,2008-05-24T06:00:20,24.0,-0.58809,-0.49236,0.55659,0.00087,-0.4863,-0.70738,-0.00023,0.93217,-0.80388,0.20031,1.48242,0.91715,0.91429,2.5625,-0.42593,-1.23209,-0.43396,0.48101,0.48889,0.58581,0.62328,0.55016,-0.68752,1.24798,2.0,62.399,61.315,63,0,109,0.0
B0006,154,2008-05-24T10:42:50,24.0,-0.58764,-0.58744,0.56249,-0.15908,-0.58219,-0.72966,0.16365,1.15478,-0.82524,-0.12622,1.51265,0.98434,0.49524,0.375,-0.62963,-1.35817,-0.64151,0.48101,0.44444,0.63158,0.64903,0.57666,-0.71454,1.23212,2.0,61.606,60.536,63,0,109,0.0
B0006,155,2008-05-24T15:31:10,24.0,-0.60736,-0.51273,0.56458,-0.36628,-0.5137,-0.76086,0.38938,1.44,-0.81359,-0.46719,1.54349,0.99192,0.49524,-0.4375,-0.81481,-1.3639,-0.83019,0.51323,0.42963,0.71396,0.70472,0.63091,-0.72894,1.22711,2.0,61.356,60.29,63,0,109,0.0
B0006,156,2008-05-24T20:21:13,24.0,-0.60789,-0.4652,0.58369,-0.06502,-0.4726,-0.72253,0.07132,1.21739,-0.84466,0.08163,1.56632,1.05911,0.53333,-0.5,-0.87037,-1.50716,-0.88679,0.458,0.39259,0.67277,0.68314,0.59811,-0.75063,1.22174,2.0,61.087,60.026,63,0,109,0.0
B0006,157,2008-05-25T01:06:49,24.0,-0.63202,-0.53311,0.58195,-0.25921,-0.5274,-0.74838,0.27398,1.44,-0.83689,-0.27943,1.58544,1.06668,0.26667,-0.3125,-0.7963,-1.47851,-0.81132,0.49022,0.41481,0.6865,0.70611,0.6082,-0.76496,1.2111,2.0,60.555,59.504,63,0,109,0.0
B0006,158,2008-05-25T05:57:17,24.0,-0.63168,-0.47199,0.58925,-0.29779,-0.4726,-0.75106,0.31922,1.5513,-0.84466,-0.33469,1.6058,1.10104,0.53333,0.0,-0.98148,-1.55874,-1.0,0.48101,0.38519,0.72311,0.72629,0.62208,-0.77821,1.20562,2.0,60.281,59.234,63,0,109,0.0
B0006,159,2008-05-25T10:51:37,24.0,-0.6528,-0.43124,0.59168,-0.3316,-0.43836,-0.75908,0.35799,1.63478,-0.83495,-0.37614,1.61752,1.10811,0.60952,0.625,-0.98148,-1.53009,-1.01887,0.50863,0.4,0.75057,0.75483,0.64732,-0.78982,1.20089,2.0,60.045,59.002,63,0,109,0.0
B0006,160,2008-05-25T15:37:08,24.0,-0.65086,-0.60102,0.59932,-0.17425,-0.59589,-0.73055,0.17934,1.49565,-0.86796,-0.17017,1.6021,1.1753,0.53333,0.25,-0.87037,-1.62751,-0.88679,0.49482,0.40741,0.70481,0.72908,0.60568,-0.81145,1.19059,2.0,59.53,58.496,63,0,109,0.0
B0006,161,2008-05-25T20:23:04,24.0,-0.67236,-0.53311,0.60245,-0.13351,-0.5274,-0.72521,0.1401,1.50261,-0.85631,-0.08477,1.63294,1.18338,0.8381,0.875,-0.7963,-1.61605,-0.83019,0.49482,0.43704,0.69108,0.73464,0.59811,-0.82305,1.18518,2.0,59.259,58.23,63,0,109,0.0
B0006,162,2008-05-26T01:13:02,24.0,-0.67426,-0.4652,0.60731,-0.10403,-0.4726,-0.71718,0.11333,1.53739,-0.85825,-0.04396,1.62862,1.21824,0.8381,0.1875,-0.7037,-1.65616,-0.71698,0.51323,0.45926,0.69108,0.73534,0.58801,-0.83561,1.17967,2.0,58.984,57.959,63,0,109,0.0
B0006,163,2008-05-26T06:01:08,24.0,-0.67328,-0.50594,0.60975,-0.25401,-0.5137,-0.73501,0.27074,1.75304,-0.86796,-0.32779,1.6607,1.25158,-0.11429,1.375,-0.88889,-1.72493,-0.90566,0.51323,0.41481,0.73227,0.75761,0.6082,-0.84925,1.1746,2.0,58.73,57.71,63,0,109,0.0
B0006,164,2008-05-26T10:44:38,24.0,-0.69376,-1.25976,0.61565,-0.05722,-1.27397,-0.71362,0.00946,1.53739,-0.94563,-0.14882,1.65145,1.3612,-1.18095,0.3125,-0.88889,-1.90831,-0.90566,0.45339,0.36296,0.67277,0.73952,0.56025,-0.89535,1.15382,2.0,57.691,56.689,63,0,109,0.0
B0006,165,2008-05-26T15:30:43,24.0,-0.69376,-0.5399,0.61878,-0.01257,-0.54795,-0.69757,0.01039,1.61391,-0.87961,0.03265,1.67613,1.32635,0.60952,0.1875,-0.74074,-1.79943,-0.75472,0.50403,0.44444,0.6865,0.74648,0.56782,-0.88159,1.1644,2.0,58.22,57.209,63,0,109,0.0
B0006,166,2008-05-26T20:21:04,24.0,-0.6959,-0.47878,0.61704,-0.37018,-0.4863,-0.73769,0.39538,2.01739,-0.86796,-0.58964,1.68106,1.32685,0.0,-0.8125,-0.72222,-1.73066,-0.73585,0.59609,0.5037,0.77346,0.79381,0.62082,-0.88584,1.1588,2.0,57.94,56.934,63,0,109,0.0
B0006,167,2008-05-27T15:52:41,24.0,-0.67331,-2.08829,0.60453,-0.08062,-2.10274,-0.66994,-0.02147,1.26609,-1.01748,-0.61664,1.44602,1.24956,0.95238,-1.3125,0.94444,-1.75931,0.96226,0.43959,0.55556,0.20595,0.47155,0.1918,-0.84189,1.17497,2.0,58.749,57.729,63,0,109,0.0
B0006,168,2008-05-27T20:45:42,24.0,-0.62976,0.01698,0.60002,-0.33984,0.0137,-0.63606,0.39723,1.89217,-0.81748,-0.87284,1.41209,1.23137,0.49524,0.9375,1.33333,-1.86246,1.35849,0.55006,0.67407,0.21968,0.45415,0.08202,-0.81373,1.18568,2.0,59.284,58.254,63,0,109,0.0
